BW    ,SF,PS ,SNR,BER      ,RSSI        ,ToA      ,BER,RSSI,ToA,C0  ,C1  ,C2  ,L
125000,7 ,10 ,-40,0.0442862,-157.0309002,0.0247812,63 ,0   ,2  ,0.00,0.00,1.00,2
125000,7 ,10 ,-30,0.0428572,-147.0309002,0.0247812,61 ,21  ,2  ,0.00,0.00,1.00,2
125000,7 ,10 ,-20,0.0500002,-137.0309002,0.0247812,71 ,43  ,2  ,0.00,0.00,1.00,2
125000,7 ,10 ,-10,0.0057142,-127.0309002,0.0247812,8  ,65  ,2  ,0.50,0.50,0.00,1
125000,7 ,10 ,0  ,0.0000002,-117.0309002,0.0247812,0  ,86  ,2  ,0.50,0.50,0.00,1
125000,7 ,30 ,-40,0.0500002,-157.0309002,0.0288772,71 ,0   ,2  ,0.00,0.00,1.00,2
125000,7 ,30 ,-30,0.0500002,-147.0309002,0.0288772,71 ,21  ,2  ,0.00,0.00,1.00,2
125000,7 ,30 ,-20,0.0433332,-137.0309002,0.0288772,61 ,43  ,2  ,0.00,0.00,1.00,2
125000,7 ,30 ,-10,0.0000002,-127.0309002,0.0288772,0  ,65  ,2  ,0.50,0.50,0.00,1
125000,7 ,30 ,0  ,0.0000002,-117.0309002,0.0288772,0  ,86  ,2  ,0.50,0.50,0.00,1
125000,7 ,50 ,-40,0.0477142,-157.0309002,0.0329732,68 ,0   ,3  ,0.00,0.00,1.00,2
125000,7 ,50 ,-30,0.0502862,-147.0309002,0.0329732,71 ,21  ,3  ,0.00,0.00,1.00,2
125000,7 ,50 ,-20,0.0451432,-137.0309002,0.0329732,64 ,43  ,3  ,0.00,0.00,1.00,2
125000,7 ,50 ,-10,0.0008572,-127.0309002,0.0329732,1  ,65  ,3  ,0.50,0.50,0.00,1
125000,7 ,50 ,0  ,0.0000002,-117.0309002,0.0329732,0  ,86  ,3  ,0.50,0.50,0.00,1
125000,7 ,70 ,-40,0.0493882,-157.0309002,0.0370692,70 ,0   ,3  ,0.00,0.00,1.00,2
125000,7 ,70 ,-30,0.0465312,-147.0309002,0.0370692,66 ,21  ,3  ,0.00,0.00,1.00,2
125000,7 ,70 ,-20,0.0424492,-137.0309002,0.0370692,60 ,43  ,3  ,0.00,0.00,1.00,2
125000,7 ,70 ,-10,0.0022452,-127.0309002,0.0370692,3  ,65  ,3  ,0.50,0.50,0.00,1
125000,7 ,70 ,0  ,0.0000002,-117.0309002,0.0370692,0  ,86  ,3  ,0.50,0.50,0.00,1
125000,7 ,90 ,-40,0.0509522,-157.0309002,0.0411652,72 ,0   ,3  ,0.00,0.00,1.00,2
125000,7 ,90 ,-30,0.0503172,-147.0309002,0.0411652,71 ,21  ,3  ,0.00,0.00,1.00,2
125000,7 ,90 ,-20,0.0484132,-137.0309002,0.0411652,69 ,43  ,3  ,0.00,0.00,1.00,2
125000,7 ,90 ,-10,0.0009522,-127.0309002,0.0411652,1  ,65  ,3  ,0.50,0.50,0.00,1
125000,7 ,90 ,0  ,0.0000002,-117.0309002,0.0411652,0  ,86  ,3  ,0.50,0.50,0.00,1
125000,7 ,110,-40,0.0506492,-157.0309002,0.0452612,72 ,0   ,4  ,0.00,0.00,1.00,2
125000,7 ,110,-30,0.0475322,-147.0309002,0.0452612,67 ,21  ,4  ,0.00,0.00,1.00,2
125000,7 ,110,-20,0.0440262,-137.0309002,0.0452612,62 ,43  ,4  ,0.00,0.00,1.00,2
125000,7 ,110,-10,0.0022082,-127.0309002,0.0452612,3  ,65  ,4  ,0.50,0.50,0.00,1
125000,7 ,110,0  ,0.0000002,-117.0309002,0.0452612,0  ,86  ,4  ,0.50,0.50,0.00,1
125000,8 ,10 ,-40,0.0475002,-157.0309002,0.0495622,67 ,0   ,4  ,0.00,0.00,1.00,2
125000,8 ,10 ,-30,0.0375002,-147.0309002,0.0495622,53 ,21  ,4  ,0.00,0.00,1.00,2
125000,8 ,10 ,-20,0.0487502,-137.0309002,0.0495622,69 ,43  ,4  ,0.00,0.00,1.00,2
125000,8 ,10 ,-10,0.0000002,-127.0309002,0.0495622,0  ,65  ,4  ,0.50,0.50,0.00,1
125000,8 ,10 ,0  ,0.0000002,-117.0309002,0.0495622,0  ,86  ,4  ,0.50,0.50,0.00,1
125000,8 ,30 ,-40,0.0525002,-157.0309002,0.0577542,75 ,0   ,5  ,0.00,0.00,1.00,2
125000,8 ,30 ,-30,0.0479172,-147.0309002,0.0577542,68 ,21  ,5  ,0.00,0.00,1.00,2
125000,8 ,30 ,-20,0.0383332,-137.0309002,0.0577542,54 ,43  ,5  ,0.00,0.00,1.00,2
125000,8 ,30 ,-10,0.0000002,-127.0309002,0.0577542,0  ,65  ,5  ,0.50,0.50,0.00,1
125000,8 ,30 ,0  ,0.0000002,-117.0309002,0.0577542,0  ,86  ,5  ,0.50,0.50,0.00,1
125000,8 ,50 ,-40,0.0510002,-157.0309002,0.0577542,72 ,0   ,5  ,0.00,0.00,1.00,2
125000,8 ,50 ,-30,0.0517502,-147.0309002,0.0577542,73 ,21  ,5  ,0.00,0.00,1.00,2
125000,8 ,50 ,-20,0.0367502,-137.0309002,0.0577542,52 ,43  ,5  ,0.00,0.00,1.00,2
125000,8 ,50 ,-10,0.0000002,-127.0309002,0.0577542,0  ,65  ,5  ,0.50,0.50,0.00,1
125000,8 ,50 ,0  ,0.0000002,-117.0309002,0.0577542,0  ,86  ,5  ,0.50,0.50,0.00,1
125000,8 ,70 ,-40,0.0466072,-157.0309002,0.0659462,66 ,0   ,6  ,0.00,0.00,1.00,2
125000,8 ,70 ,-30,0.0498212,-147.0309002,0.0659462,71 ,21  ,6  ,0.00,0.00,1.00,2
125000,8 ,70 ,-20,0.0412502,-137.0309002,0.0659462,58 ,43  ,6  ,0.00,0.00,1.00,2
125000,8 ,70 ,-10,0.0000002,-127.0309002,0.0659462,0  ,65  ,6  ,0.50,0.50,0.00,1
125000,8 ,70 ,0  ,0.0000002,-117.0309002,0.0659462,0  ,86  ,6  ,0.50,0.50,0.00,1
125000,8 ,90 ,-40,0.0515282,-157.0309002,0.0741382,73 ,0   ,6  ,0.00,0.00,1.00,2
125000,8 ,90 ,-30,0.0536112,-147.0309002,0.0741382,76 ,21  ,6  ,0.00,0.00,1.00,2
125000,8 ,90 ,-20,0.0405562,-137.0309002,0.0741382,57 ,43  ,6  ,0.00,0.00,1.00,2
125000,8 ,90 ,-10,0.0000002,-127.0309002,0.0741382,0  ,65  ,6  ,0.50,0.50,0.00,1
125000,8 ,90 ,0  ,0.0000002,-117.0309002,0.0741382,0  ,86  ,6  ,0.50,0.50,0.00,1
125000,8 ,110,-40,0.0505682,-157.0309002,0.0823302,72 ,0   ,7  ,0.00,0.00,1.00,2
125000,8 ,110,-30,0.0485232,-147.0309002,0.0823302,69 ,21  ,7  ,0.00,0.00,1.00,2
125000,8 ,110,-20,0.0456822,-137.0309002,0.0823302,65 ,43  ,7  ,0.00,0.00,1.00,2
125000,8 ,110,-10,0.0000002,-127.0309002,0.0823302,0  ,65  ,7  ,0.50,0.50,0.00,1
125000,8 ,110,0  ,0.0000002,-117.0309002,0.0823302,0  ,86  ,7  ,0.50,0.50,0.00,1
125000,9 ,10 ,-40,0.0433332,-157.0309002,0.0991232,61 ,0   ,9  ,0.00,0.00,1.00,2
125000,9 ,10 ,-30,0.0400002,-147.0309002,0.0991232,57 ,21  ,9  ,0.00,0.00,1.00,2
125000,9 ,10 ,-20,0.0433332,-137.0309002,0.0991232,61 ,43  ,9  ,0.00,0.00,1.00,2
125000,9 ,10 ,-10,0.0000002,-127.0309002,0.0991232,0  ,65  ,9  ,0.50,0.50,0.00,1
125000,9 ,10 ,0  ,0.0000002,-117.0309002,0.0991232,0  ,86  ,9  ,0.50,0.50,0.00,1
125000,9 ,30 ,-40,0.0459262,-157.0309002,0.0991232,65 ,0   ,9  ,0.00,0.00,1.00,2
125000,9 ,30 ,-30,0.0529632,-147.0309002,0.0991232,75 ,21  ,9  ,0.00,0.00,1.00,2
125000,9 ,30 ,-20,0.0329632,-137.0309002,0.0991232,47 ,43  ,9  ,0.00,0.00,1.00,2
125000,9 ,30 ,-10,0.0000002,-127.0309002,0.0991232,0  ,65  ,9  ,0.50,0.50,0.00,1
125000,9 ,30 ,0  ,0.0000002,-117.0309002,0.0991232,0  ,86  ,9  ,0.50,0.50,0.00,1
125000,9 ,50 ,-40,0.0471112,-157.0309002,0.1155072,67 ,0   ,10 ,0.00,0.00,1.00,2
125000,9 ,50 ,-30,0.0495562,-147.0309002,0.1155072,70 ,21  ,10 ,0.00,0.00,1.00,2
125000,9 ,50 ,-20,0.0324442,-137.0309002,0.1155072,46 ,43  ,10 ,0.00,0.00,1.00,2
125000,9 ,50 ,-10,0.0000002,-127.0309002,0.1155072,0  ,65  ,10 ,0.50,0.50,0.00,1
125000,9 ,50 ,0  ,0.0000002,-117.0309002,0.1155072,0  ,86  ,10 ,0.50,0.50,0.00,1
125000,9 ,70 ,-40,0.0463492,-157.0309002,0.1318912,66 ,0   ,12 ,0.00,0.00,1.00,2
125000,9 ,70 ,-30,0.0482542,-147.0309002,0.1318912,68 ,21  ,12 ,0.00,0.00,1.00,2
125000,9 ,70 ,-20,0.0276192,-137.0309002,0.1318912,39 ,43  ,12 ,0.00,0.00,1.00,2
125000,9 ,70 ,-10,0.0000002,-127.0309002,0.1318912,0  ,65  ,12 ,0.50,0.50,0.00,1
125000,9 ,70 ,0  ,0.0000002,-117.0309002,0.1318912,0  ,86  ,12 ,0.50,0.50,0.00,1
125000,9 ,90 ,-40,0.0512352,-157.0309002,0.1318912,73 ,0   ,12 ,0.00,0.00,1.00,2
125000,9 ,90 ,-30,0.0486422,-147.0309002,0.1318912,69 ,21  ,12 ,0.00,0.00,1.00,2
125000,9 ,90 ,-20,0.0286422,-137.0309002,0.1318912,40 ,43  ,12 ,0.00,0.00,1.00,2
125000,9 ,90 ,-10,0.0000002,-127.0309002,0.1318912,0  ,65  ,12 ,0.50,0.50,0.00,1
125000,9 ,90 ,0  ,0.0000002,-117.0309002,0.1318912,0  ,86  ,12 ,0.50,0.50,0.00,1
125000,9 ,110,-40,0.0505052,-157.0309002,0.1482752,72 ,0   ,13 ,0.00,0.00,1.00,2
125000,9 ,110,-30,0.0498992,-147.0309002,0.1482752,71 ,21  ,13 ,0.00,0.00,1.00,2
125000,9 ,110,-20,0.0297982,-137.0309002,0.1482752,42 ,43  ,13 ,0.00,0.00,1.00,2
125000,9 ,110,-10,0.0000002,-127.0309002,0.1482752,0  ,65  ,13 ,0.50,0.50,0.00,1
125000,9 ,110,0  ,0.0000002,-117.0309002,0.1482752,0  ,86  ,13 ,0.50,0.50,0.00,1
125000,10,10 ,-40,0.0490002,-157.0309002,0.1654782,70 ,0   ,15 ,0.00,0.00,1.00,2
125000,10,10 ,-30,0.0520002,-147.0309002,0.1654782,74 ,21  ,15 ,0.00,0.00,1.00,2
125000,10,10 ,-20,0.0100002,-137.0309002,0.1654782,14 ,43  ,15 ,0.50,0.50,0.00,1
125000,10,10 ,-10,0.0000002,-127.0309002,0.1654782,0  ,65  ,15 ,0.50,0.50,0.00,1
125000,10,10 ,0  ,0.0000002,-117.0309002,0.1654782,0  ,86  ,15 ,0.50,0.50,0.00,1
125000,10,30 ,-40,0.0480002,-157.0309002,0.1982462,68 ,0   ,18 ,0.00,0.00,1.00,2
125000,10,30 ,-30,0.0453332,-147.0309002,0.1982462,64 ,21  ,18 ,0.00,0.00,1.00,2
125000,10,30 ,-20,0.0076672,-137.0309002,0.1982462,10 ,43  ,18 ,0.50,0.50,0.00,1
125000,10,30 ,-10,0.0000002,-127.0309002,0.1982462,0  ,65  ,18 ,0.50,0.50,0.00,1
125000,10,30 ,0  ,0.0000002,-117.0309002,0.1982462,0  ,86  ,18 ,0.50,0.50,0.00,1
125000,10,50 ,-40,0.0494002,-157.0309002,0.2310142,70 ,0   ,21 ,0.00,0.00,1.00,2
125000,10,50 ,-30,0.0464002,-147.0309002,0.2310142,66 ,21  ,21 ,0.00,0.00,1.00,2
125000,10,50 ,-20,0.0146002,-137.0309002,0.2310142,20 ,43  ,21 ,0.50,0.50,0.00,1
125000,10,50 ,-10,0.0000002,-127.0309002,0.2310142,0  ,65  ,21 ,0.50,0.50,0.00,1
125000,10,50 ,0  ,0.0000002,-117.0309002,0.2310142,0  ,86  ,21 ,0.50,0.50,0.00,1
125000,10,70 ,-40,0.0495712,-157.0309002,0.2310142,70 ,0   ,21 ,0.00,0.00,1.00,2
125000,10,70 ,-30,0.0482862,-147.0309002,0.2310142,68 ,21  ,21 ,0.00,0.00,1.00,2
125000,10,70 ,-20,0.0121432,-137.0309002,0.2310142,17 ,43  ,21 ,0.50,0.50,0.00,1
125000,10,70 ,-10,0.0000002,-127.0309002,0.2310142,0  ,65  ,21 ,0.50,0.50,0.00,1
125000,10,70 ,0  ,0.0000002,-117.0309002,0.2310142,0  ,86  ,21 ,0.50,0.50,0.00,1
125000,10,90 ,-40,0.0487782,-157.0309002,0.2637822,69 ,0   ,24 ,0.00,0.00,1.00,2
125000,10,90 ,-30,0.0474442,-147.0309002,0.2637822,67 ,21  ,24 ,0.00,0.00,1.00,2
125000,10,90 ,-20,0.0106672,-137.0309002,0.2637822,15 ,43  ,24 ,0.50,0.50,0.00,1
125000,10,90 ,-10,0.0000002,-127.0309002,0.2637822,0  ,65  ,24 ,0.50,0.50,0.00,1
125000,10,90 ,0  ,0.0000002,-117.0309002,0.2637822,0  ,86  ,24 ,0.50,0.50,0.00,1
125000,10,110,-40,0.0521822,-157.0309002,0.2965502,74 ,0   ,27 ,0.00,0.00,1.00,2
125000,10,110,-30,0.0533642,-147.0309002,0.2965502,76 ,21  ,27 ,0.00,0.00,1.00,2
125000,10,110,-20,0.0143642,-137.0309002,0.2965502,20 ,43  ,27 ,0.50,0.50,0.00,1
125000,10,110,-10,0.0000002,-127.0309002,0.2965502,0  ,65  ,27 ,0.50,0.50,0.00,1
125000,10,110,0  ,0.0000002,-117.0309002,0.2965502,0  ,86  ,27 ,0.50,0.50,0.00,1
125000,11,10 ,-40,0.0500002,-157.0309002,0.3309572,71 ,0   ,31 ,0.00,0.00,1.00,2
125000,11,10 ,-30,0.0518182,-147.0309002,0.3309572,74 ,21  ,31 ,0.00,0.00,1.00,2
125000,11,10 ,-20,0.0000002,-137.0309002,0.3309572,0  ,43  ,31 ,0.50,0.50,0.00,1
125000,11,10 ,-10,0.0000002,-127.0309002,0.3309572,0  ,65  ,31 ,0.50,0.50,0.00,1
125000,11,10 ,0  ,0.0000002,-117.0309002,0.3309572,0  ,86  ,31 ,0.50,0.50,0.00,1
125000,11,30 ,-40,0.0512122,-157.0309002,0.3964932,73 ,0   ,37 ,0.00,0.00,1.00,2
125000,11,30 ,-30,0.0448482,-147.0309002,0.3964932,64 ,21  ,37 ,0.00,0.00,1.00,2
125000,11,30 ,-20,0.0000002,-137.0309002,0.3964932,0  ,43  ,37 ,0.50,0.50,0.00,0
125000,11,30 ,-10,0.0000002,-127.0309002,0.3964932,0  ,65  ,37 ,0.50,0.50,0.00,1
125000,11,30 ,0  ,0.0000002,-117.0309002,0.3964932,0  ,86  ,37 ,0.50,0.50,0.00,1
125000,11,50 ,-40,0.0496362,-157.0309002,0.3964932,70 ,0   ,37 ,0.00,0.00,1.00,2
125000,11,50 ,-30,0.0465452,-147.0309002,0.3964932,66 ,21  ,37 ,0.00,0.00,1.00,2
125000,11,50 ,-20,0.0081822,-137.0309002,0.3964932,11 ,43  ,37 ,0.50,0.50,0.00,0
125000,11,50 ,-10,0.0000002,-127.0309002,0.3964932,0  ,65  ,37 ,0.50,0.50,0.00,1
125000,11,50 ,0  ,0.0000002,-117.0309002,0.3964932,0  ,86  ,37 ,0.50,0.50,0.00,1
125000,11,70 ,-40,0.0522082,-157.0309002,0.4620292,74 ,0   ,43 ,0.00,0.00,1.00,2
125000,11,70 ,-30,0.0479222,-147.0309002,0.4620292,68 ,21  ,43 ,0.00,0.00,1.00,2
125000,11,70 ,-20,0.0002602,-137.0309002,0.4620292,0  ,43  ,43 ,0.50,0.50,0.00,0
125000,11,70 ,-10,0.0000002,-127.0309002,0.4620292,0  ,65  ,43 ,0.50,0.50,0.00,1
125000,11,70 ,0  ,0.0000002,-117.0309002,0.4620292,0  ,86  ,43 ,0.50,0.50,0.00,1
125000,11,90 ,-40,0.0515152,-157.0309002,0.5275652,73 ,0   ,49 ,0.00,0.00,1.00,2
125000,11,90 ,-30,0.0473742,-147.0309002,0.5275652,67 ,21  ,49 ,0.00,0.00,1.00,2
125000,11,90 ,-20,0.0014142,-137.0309002,0.5275652,2  ,43  ,49 ,0.50,0.50,0.00,0
125000,11,90 ,-10,0.0000002,-127.0309002,0.5275652,0  ,65  ,49 ,0.50,0.50,0.00,0
125000,11,90 ,0  ,0.0000002,-117.0309002,0.5275652,0  ,86  ,49 ,0.50,0.50,0.00,1
125000,11,110,-40,0.0487602,-157.0309002,0.5275652,69 ,0   ,49 ,0.00,0.00,1.00,2
125000,11,110,-30,0.0481822,-147.0309002,0.5275652,68 ,21  ,49 ,0.00,0.00,1.00,2
125000,11,110,-20,0.0051242,-137.0309002,0.5275652,7  ,43  ,49 ,0.50,0.50,0.00,0
125000,11,110,-10,0.0000002,-127.0309002,0.5275652,0  ,65  ,49 ,0.50,0.50,0.00,0
125000,11,110,0  ,0.0000002,-117.0309002,0.5275652,0  ,86  ,49 ,0.50,0.50,0.00,1
125000,12,10 ,-40,0.0458332,-157.0309002,0.6619142,65 ,0   ,62 ,0.00,0.00,1.00,2
125000,12,10 ,-30,0.0450002,-147.0309002,0.6619142,64 ,21  ,62 ,0.00,0.00,1.00,2
125000,12,10 ,-20,0.0000002,-137.0309002,0.6619142,0  ,43  ,62 ,0.50,0.50,0.00,0
125000,12,10 ,-10,0.0000002,-127.0309002,0.6619142,0  ,65  ,62 ,0.50,0.50,0.00,0
125000,12,10 ,0  ,0.0000002,-117.0309002,0.6619142,0  ,86  ,62 ,0.50,0.50,0.00,0
125000,12,30 ,-40,0.0511112,-157.0309002,0.7929862,73 ,0   ,74 ,0.00,0.00,1.00,2
125000,12,30 ,-30,0.0461112,-147.0309002,0.7929862,65 ,21  ,74 ,0.00,0.00,1.00,2
125000,12,30 ,-20,0.0000002,-137.0309002,0.7929862,0  ,43  ,74 ,0.50,0.50,0.00,0
125000,12,30 ,-10,0.0000002,-127.0309002,0.7929862,0  ,65  ,74 ,0.50,0.50,0.00,0
125000,12,30 ,0  ,0.0000002,-117.0309002,0.7929862,0  ,86  ,74 ,0.50,0.50,0.00,0
125000,12,50 ,-40,0.0476672,-157.0309002,0.7929862,68 ,0   ,74 ,0.00,0.00,1.00,2
125000,12,50 ,-30,0.0463332,-147.0309002,0.7929862,66 ,21  ,74 ,0.00,0.00,1.00,2
125000,12,50 ,-20,0.0000002,-137.0309002,0.7929862,0  ,43  ,74 ,0.50,0.50,0.00,0
125000,12,50 ,-10,0.0000002,-127.0309002,0.7929862,0  ,65  ,74 ,0.50,0.50,0.00,0
125000,12,50 ,0  ,0.0000002,-117.0309002,0.7929862,0  ,86  ,74 ,0.50,0.50,0.00,0
125000,12,70 ,-40,0.0508332,-157.0309002,0.9240582,72 ,0   ,87 ,0.00,0.00,1.00,2
125000,12,70 ,-30,0.0421432,-147.0309002,0.9240582,60 ,21  ,87 ,0.00,0.00,1.00,2
125000,12,70 ,-20,0.0033332,-137.0309002,0.9240582,4  ,43  ,87 ,0.50,0.50,0.00,0
125000,12,70 ,-10,0.0000002,-127.0309002,0.9240582,0  ,65  ,87 ,0.50,0.50,0.00,0
125000,12,70 ,0  ,0.0000002,-117.0309002,0.9240582,0  ,86  ,87 ,0.50,0.50,0.00,0
125000,12,90 ,-40,0.0494442,-157.0309002,0.9240582,70 ,0   ,87 ,0.00,0.00,1.00,2
125000,12,90 ,-30,0.0403702,-147.0309002,0.9240582,57 ,21  ,87 ,0.00,0.00,1.00,2
125000,12,90 ,-20,0.0000002,-137.0309002,0.9240582,0  ,43  ,87 ,0.50,0.50,0.00,0
125000,12,90 ,-10,0.0000002,-127.0309002,0.9240582,0  ,65  ,87 ,0.50,0.50,0.00,0
125000,12,90 ,0  ,0.0000002,-117.0309002,0.9240582,0  ,86  ,87 ,0.50,0.50,0.00,0
125000,12,110,-40,0.0489392,-157.0309002,1.0551302,69 ,0   ,99 ,0.00,0.00,1.00,2
125000,12,110,-30,0.0429552,-147.0309002,1.0551302,61 ,21  ,99 ,0.00,0.00,0.99,2
125000,12,110,-20,0.0000002,-137.0309002,1.0551302,0  ,43  ,99 ,0.50,0.50,0.00,0
125000,12,110,-10,0.0000002,-127.0309002,1.0551302,0  ,65  ,99 ,0.50,0.50,0.00,0
125000,12,110,0  ,0.0000002,-117.0309002,1.0551302,0  ,86  ,99 ,0.50,0.50,0.00,0
250000,7 ,10 ,-40,0.0442862,-154.0206002,0.0123902,63 ,6   ,1  ,0.00,0.00,1.00,2
250000,7 ,10 ,-30,0.0428572,-144.0206002,0.0123902,61 ,28  ,1  ,0.00,0.00,1.00,2
250000,7 ,10 ,-20,0.0442862,-134.0206002,0.0123902,63 ,49  ,1  ,0.00,0.00,1.00,2
250000,7 ,10 ,-10,0.0000002,-124.0206002,0.0123902,0  ,71  ,1  ,0.50,0.50,0.00,1
250000,7 ,10 ,0  ,0.0000002,-114.0206002,0.0123902,0  ,93  ,1  ,0.50,0.50,0.00,1
250000,7 ,30 ,-40,0.0480952,-154.0206002,0.0144382,68 ,6   ,1  ,0.00,0.00,1.00,2
250000,7 ,30 ,-30,0.0504762,-144.0206002,0.0144382,72 ,28  ,1  ,0.00,0.00,1.00,2
250000,7 ,30 ,-20,0.0466672,-134.0206002,0.0144382,66 ,49  ,1  ,0.00,0.00,1.00,2
250000,7 ,30 ,-10,0.0033332,-124.0206002,0.0144382,4  ,71  ,1  ,0.50,0.50,0.00,1
250000,7 ,30 ,0  ,0.0000002,-114.0206002,0.0144382,0  ,93  ,1  ,0.50,0.50,0.00,1
250000,7 ,50 ,-40,0.0482862,-154.0206002,0.0164862,68 ,6   ,1  ,0.00,0.00,1.00,2
250000,7 ,50 ,-30,0.0494292,-144.0206002,0.0164862,70 ,28  ,1  ,0.00,0.00,1.00,2
250000,7 ,50 ,-20,0.0488572,-134.0206002,0.0164862,69 ,49  ,1  ,0.00,0.00,1.00,2
250000,7 ,50 ,-10,0.0025712,-124.0206002,0.0164862,3  ,71  ,1  ,0.50,0.50,0.00,1
250000,7 ,50 ,0  ,0.0000002,-114.0206002,0.0164862,0  ,93  ,1  ,0.50,0.50,0.00,1
250000,7 ,70 ,-40,0.0502042,-154.0206002,0.0185342,71 ,6   ,1  ,0.00,0.00,1.00,2
250000,7 ,70 ,-30,0.0508162,-144.0206002,0.0185342,72 ,28  ,1  ,0.00,0.00,1.00,2
250000,7 ,70 ,-20,0.0448982,-134.0206002,0.0185342,64 ,49  ,1  ,0.00,0.00,1.00,2
250000,7 ,70 ,-10,0.0010202,-124.0206002,0.0185342,1  ,71  ,1  ,0.50,0.50,0.00,1
250000,7 ,70 ,0  ,0.0000002,-114.0206002,0.0185342,0  ,93  ,1  ,0.50,0.50,0.00,1
250000,7 ,90 ,-40,0.0547622,-154.0206002,0.0205822,78 ,6   ,1  ,0.00,0.00,1.00,2
250000,7 ,90 ,-30,0.0515872,-144.0206002,0.0205822,73 ,28  ,1  ,0.00,0.00,1.00,2
250000,7 ,90 ,-20,0.0477782,-134.0206002,0.0205822,68 ,49  ,1  ,0.00,0.00,1.00,2
250000,7 ,90 ,-10,0.0030162,-124.0206002,0.0205822,4  ,71  ,1  ,0.50,0.50,0.00,1
250000,7 ,90 ,0  ,0.0000002,-114.0206002,0.0205822,0  ,93  ,1  ,0.50,0.50,0.00,1
250000,7 ,110,-40,0.0488312,-154.0206002,0.0226302,69 ,6   ,2  ,0.00,0.00,1.00,2
250000,7 ,110,-30,0.0470132,-144.0206002,0.0226302,67 ,28  ,2  ,0.00,0.00,1.00,2
250000,7 ,110,-20,0.0457142,-134.0206002,0.0226302,65 ,49  ,2  ,0.00,0.00,1.00,2
250000,7 ,110,-10,0.0009092,-124.0206002,0.0226302,1  ,71  ,2  ,0.50,0.50,0.00,1
250000,7 ,110,0  ,0.0000002,-114.0206002,0.0226302,0  ,93  ,2  ,0.50,0.50,0.00,1
250000,8 ,10 ,-40,0.0425002,-154.0206002,0.0247812,60 ,6   ,2  ,0.00,0.00,1.00,2
250000,8 ,10 ,-30,0.0550002,-144.0206002,0.0247812,78 ,28  ,2  ,0.00,0.00,1.00,2
250000,8 ,10 ,-20,0.0625002,-134.0206002,0.0247812,89 ,49  ,2  ,0.00,0.00,1.00,2
250000,8 ,10 ,-10,0.0000002,-124.0206002,0.0247812,0  ,71  ,2  ,0.50,0.50,0.00,1
250000,8 ,10 ,0  ,0.0000002,-114.0206002,0.0247812,0  ,93  ,2  ,0.50,0.50,0.00,1
250000,8 ,30 ,-40,0.0466672,-154.0206002,0.0288772,66 ,6   ,2  ,0.00,0.00,1.00,2
250000,8 ,30 ,-30,0.0520832,-144.0206002,0.0288772,74 ,28  ,2  ,0.00,0.00,1.00,2
250000,8 ,30 ,-20,0.0354172,-134.0206002,0.0288772,50 ,49  ,2  ,0.00,0.00,1.00,2
250000,8 ,30 ,-10,0.0000002,-124.0206002,0.0288772,0  ,71  ,2  ,0.50,0.50,0.00,1
250000,8 ,30 ,0  ,0.0000002,-114.0206002,0.0288772,0  ,93  ,2  ,0.50,0.50,0.00,1
250000,8 ,50 ,-40,0.0497502,-154.0206002,0.0288772,71 ,6   ,2  ,0.00,0.00,1.00,2
250000,8 ,50 ,-30,0.0450002,-144.0206002,0.0288772,64 ,28  ,2  ,0.00,0.00,1.00,2
250000,8 ,50 ,-20,0.0412502,-134.0206002,0.0288772,58 ,49  ,2  ,0.00,0.00,1.00,2
250000,8 ,50 ,-10,0.0000002,-124.0206002,0.0288772,0  ,71  ,2  ,0.50,0.50,0.00,1
250000,8 ,50 ,0  ,0.0000002,-114.0206002,0.0288772,0  ,93  ,2  ,0.50,0.50,0.00,1
250000,8 ,70 ,-40,0.0485712,-154.0206002,0.0329732,69 ,6   ,3  ,0.00,0.00,1.00,2
250000,8 ,70 ,-30,0.0464292,-144.0206002,0.0329732,66 ,28  ,3  ,0.00,0.00,1.00,2
250000,8 ,70 ,-20,0.0417862,-134.0206002,0.0329732,59 ,49  ,3  ,0.00,0.00,1.00,2
250000,8 ,70 ,-10,0.0000002,-124.0206002,0.0329732,0  ,71  ,3  ,0.50,0.50,0.00,1
250000,8 ,70 ,0  ,0.0000002,-114.0206002,0.0329732,0  ,93  ,3  ,0.50,0.50,0.00,1
250000,8 ,90 ,-40,0.0501392,-154.0206002,0.0370692,71 ,6   ,3  ,0.00,0.00,1.00,2
250000,8 ,90 ,-30,0.0465282,-144.0206002,0.0370692,66 ,28  ,3  ,0.00,0.00,1.00,2
250000,8 ,90 ,-20,0.0398612,-134.0206002,0.0370692,56 ,49  ,3  ,0.00,0.00,1.00,2
250000,8 ,90 ,-10,0.0000002,-124.0206002,0.0370692,0  ,71  ,3  ,0.50,0.50,0.00,1
250000,8 ,90 ,0  ,0.0000002,-114.0206002,0.0370692,0  ,93  ,3  ,0.50,0.50,0.00,1
250000,8 ,110,-40,0.0512502,-154.0206002,0.0411652,73 ,6   ,3  ,0.00,0.00,1.00,2
250000,8 ,110,-30,0.0518182,-144.0206002,0.0411652,74 ,28  ,3  ,0.00,0.00,1.00,2
250000,8 ,110,-20,0.0457952,-134.0206002,0.0411652,65 ,49  ,3  ,0.00,0.00,1.00,2
250000,8 ,110,-10,0.0000002,-124.0206002,0.0411652,0  ,71  ,3  ,0.50,0.50,0.00,1
250000,8 ,110,0  ,0.0000002,-114.0206002,0.0411652,0  ,93  ,3  ,0.50,0.50,0.00,1
250000,9 ,10 ,-40,0.0533332,-154.0206002,0.0495622,76 ,6   ,4  ,0.00,0.00,1.00,2
250000,9 ,10 ,-30,0.0500002,-144.0206002,0.0495622,71 ,28  ,4  ,0.00,0.00,1.00,2
250000,9 ,10 ,-20,0.0311112,-134.0206002,0.0495622,44 ,49  ,4  ,0.00,0.00,1.00,2
250000,9 ,10 ,-10,0.0000002,-124.0206002,0.0495622,0  ,71  ,4  ,0.50,0.50,0.00,1
250000,9 ,10 ,0  ,0.0000002,-114.0206002,0.0495622,0  ,93  ,4  ,0.50,0.50,0.00,1
250000,9 ,30 ,-40,0.0503702,-154.0206002,0.0495622,71 ,6   ,4  ,0.00,0.00,1.00,2
250000,9 ,30 ,-30,0.0488892,-144.0206002,0.0495622,69 ,28  ,4  ,0.00,0.00,1.00,2
250000,9 ,30 ,-20,0.0322222,-134.0206002,0.0495622,46 ,49  ,4  ,0.00,0.00,1.00,2
250000,9 ,30 ,-10,0.0000002,-124.0206002,0.0495622,0  ,71  ,4  ,0.50,0.50,0.00,1
250000,9 ,30 ,0  ,0.0000002,-114.0206002,0.0495622,0  ,93  ,4  ,0.50,0.50,0.00,1
250000,9 ,50 ,-40,0.0537782,-154.0206002,0.0577542,76 ,6   ,5  ,0.00,0.00,1.00,2
250000,9 ,50 ,-30,0.0473332,-144.0206002,0.0577542,67 ,28  ,5  ,0.00,0.00,1.00,2
250000,9 ,50 ,-20,0.0315562,-134.0206002,0.0577542,45 ,49  ,5  ,0.00,0.00,1.00,2
250000,9 ,50 ,-10,0.0000002,-124.0206002,0.0577542,0  ,71  ,5  ,0.50,0.50,0.00,1
250000,9 ,50 ,0  ,0.0000002,-114.0206002,0.0577542,0  ,93  ,5  ,0.50,0.50,0.00,1
250000,9 ,70 ,-40,0.0519052,-154.0206002,0.0659462,74 ,6   ,6  ,0.00,0.00,1.00,2
250000,9 ,70 ,-30,0.0490482,-144.0206002,0.0659462,70 ,28  ,6  ,0.00,0.00,1.00,2
250000,9 ,70 ,-20,0.0328572,-134.0206002,0.0659462,46 ,49  ,6  ,0.00,0.00,1.00,2
250000,9 ,70 ,-10,0.0000002,-124.0206002,0.0659462,0  ,71  ,6  ,0.50,0.50,0.00,1
250000,9 ,70 ,0  ,0.0000002,-114.0206002,0.0659462,0  ,93  ,6  ,0.50,0.50,0.00,1
250000,9 ,90 ,-40,0.0534572,-154.0206002,0.0659462,76 ,6   ,6  ,0.00,0.00,1.00,2
250000,9 ,90 ,-30,0.0544442,-144.0206002,0.0659462,77 ,28  ,6  ,0.00,0.00,1.00,2
250000,9 ,90 ,-20,0.0323462,-134.0206002,0.0659462,46 ,49  ,6  ,0.00,0.00,1.00,2
250000,9 ,90 ,-10,0.0000002,-124.0206002,0.0659462,0  ,71  ,6  ,0.50,0.50,0.00,1
250000,9 ,90 ,0  ,0.0000002,-114.0206002,0.0659462,0  ,93  ,6  ,0.50,0.50,0.00,1
250000,9 ,110,-40,0.0504042,-154.0206002,0.0741382,72 ,6   ,6  ,0.00,0.00,1.00,2
250000,9 ,110,-30,0.0534342,-144.0206002,0.0741382,76 ,28  ,6  ,0.00,0.00,1.00,2
250000,9 ,110,-20,0.0267682,-134.0206002,0.0741382,38 ,49  ,6  ,0.04,0.04,0.92,2
250000,9 ,110,-10,0.0000002,-124.0206002,0.0741382,0  ,71  ,6  ,0.50,0.50,0.00,1
250000,9 ,110,0  ,0.0000002,-114.0206002,0.0741382,0  ,93  ,6  ,0.50,0.50,0.00,1
250000,10,10 ,-40,0.0430002,-154.0206002,0.0827392,61 ,6   ,7  ,0.00,0.00,1.00,2
250000,10,10 ,-30,0.0560002,-144.0206002,0.0827392,80 ,28  ,7  ,0.00,0.00,1.00,2
250000,10,10 ,-20,0.0120002,-134.0206002,0.0827392,17 ,49  ,7  ,0.50,0.50,0.00,1
250000,10,10 ,-10,0.0000002,-124.0206002,0.0827392,0  ,71  ,7  ,0.50,0.50,0.00,1
250000,10,10 ,0  ,0.0000002,-114.0206002,0.0827392,0  ,93  ,7  ,0.50,0.50,0.00,1
250000,10,30 ,-40,0.0503332,-154.0206002,0.0991232,71 ,6   ,9  ,0.00,0.00,1.00,2
250000,10,30 ,-30,0.0530002,-144.0206002,0.0991232,75 ,28  ,9  ,0.00,0.00,1.00,2
250000,10,30 ,-20,0.0103332,-134.0206002,0.0991232,14 ,49  ,9  ,0.50,0.50,0.00,1
250000,10,30 ,-10,0.0030002,-124.0206002,0.0991232,4  ,71  ,9  ,0.50,0.50,0.00,1
250000,10,30 ,0  ,0.0000002,-114.0206002,0.0991232,0  ,93  ,9  ,0.50,0.50,0.00,1
250000,10,50 ,-40,0.0472002,-154.0206002,0.1155072,67 ,6   ,10 ,0.00,0.00,1.00,2
250000,10,50 ,-30,0.0452002,-144.0206002,0.1155072,64 ,28  ,10 ,0.00,0.00,1.00,2
250000,10,50 ,-20,0.0122002,-134.0206002,0.1155072,17 ,49  ,10 ,0.50,0.50,0.00,1
250000,10,50 ,-10,0.0000002,-124.0206002,0.1155072,0  ,71  ,10 ,0.50,0.50,0.00,1
250000,10,50 ,0  ,0.0000002,-114.0206002,0.1155072,0  ,93  ,10 ,0.50,0.50,0.00,1
250000,10,70 ,-40,0.0515712,-154.0206002,0.1155072,73 ,6   ,10 ,0.00,0.00,1.00,2
250000,10,70 ,-30,0.0517142,-144.0206002,0.1155072,73 ,28  ,10 ,0.00,0.00,1.00,2
250000,10,70 ,-20,0.0121432,-134.0206002,0.1155072,17 ,49  ,10 ,0.50,0.50,0.00,1
250000,10,70 ,-10,0.0000002,-124.0206002,0.1155072,0  ,71  ,10 ,0.50,0.50,0.00,1
250000,10,70 ,0  ,0.0000002,-114.0206002,0.1155072,0  ,93  ,10 ,0.50,0.50,0.00,1
250000,10,90 ,-40,0.0485562,-154.0206002,0.1318912,69 ,6   ,12 ,0.00,0.00,1.00,2
250000,10,90 ,-30,0.0456672,-144.0206002,0.1318912,65 ,28  ,12 ,0.00,0.00,1.00,2
250000,10,90 ,-20,0.0173332,-134.0206002,0.1318912,24 ,49  ,12 ,0.50,0.50,0.00,1
250000,10,90 ,-10,0.0000002,-124.0206002,0.1318912,0  ,71  ,12 ,0.50,0.50,0.00,1
250000,10,90 ,0  ,0.0000002,-114.0206002,0.1318912,0  ,93  ,12 ,0.50,0.50,0.00,1
250000,10,110,-40,0.0484552,-154.0206002,0.1482752,69 ,6   ,13 ,0.00,0.00,1.00,2
250000,10,110,-30,0.0480912,-144.0206002,0.1482752,68 ,28  ,13 ,0.00,0.00,1.00,2
250000,10,110,-20,0.0197272,-134.0206002,0.1482752,28 ,49  ,13 ,0.50,0.50,0.01,1
250000,10,110,-10,0.0000002,-124.0206002,0.1482752,0  ,71  ,13 ,0.50,0.50,0.00,1
250000,10,110,0  ,0.0000002,-114.0206002,0.1482752,0  ,93  ,13 ,0.50,0.50,0.00,1
250000,11,10 ,-40,0.0527272,-154.0206002,0.1654782,75 ,6   ,15 ,0.00,0.00,1.00,2
250000,11,10 ,-30,0.0581822,-144.0206002,0.1654782,83 ,28  ,15 ,0.00,0.00,1.00,2
250000,11,10 ,-20,0.0000002,-134.0206002,0.1654782,0  ,49  ,15 ,0.50,0.50,0.00,1
250000,11,10 ,-10,0.0000002,-124.0206002,0.1654782,0  ,71  ,15 ,0.50,0.50,0.00,1
250000,11,10 ,0  ,0.0000002,-114.0206002,0.1654782,0  ,93  ,15 ,0.50,0.50,0.00,1
250000,11,30 ,-40,0.0487882,-154.0206002,0.1982462,69 ,6   ,18 ,0.00,0.00,1.00,2
250000,11,30 ,-30,0.0506062,-144.0206002,0.1982462,72 ,28  ,18 ,0.00,0.00,1.00,2
250000,11,30 ,-20,0.0054552,-134.0206002,0.1982462,7  ,49  ,18 ,0.50,0.50,0.00,1
250000,11,30 ,-10,0.0000002,-124.0206002,0.1982462,0  ,71  ,18 ,0.50,0.50,0.00,1
250000,11,30 ,0  ,0.0000002,-114.0206002,0.1982462,0  ,93  ,18 ,0.50,0.50,0.00,1
250000,11,50 ,-40,0.0501822,-154.0206002,0.1982462,71 ,6   ,18 ,0.00,0.00,1.00,2
250000,11,50 ,-30,0.0525452,-144.0206002,0.1982462,75 ,28  ,18 ,0.00,0.00,1.00,2
250000,11,50 ,-20,0.0000002,-134.0206002,0.1982462,0  ,49  ,18 ,0.50,0.50,0.00,1
250000,11,50 ,-10,0.0000002,-124.0206002,0.1982462,0  ,71  ,18 ,0.50,0.50,0.00,1
250000,11,50 ,0  ,0.0000002,-114.0206002,0.1982462,0  ,93  ,18 ,0.50,0.50,0.00,1
250000,11,70 ,-40,0.0485712,-154.0206002,0.2310142,69 ,6   ,21 ,0.00,0.00,1.00,2
250000,11,70 ,-30,0.0505192,-144.0206002,0.2310142,72 ,28  ,21 ,0.00,0.00,1.00,2
250000,11,70 ,-20,0.0019482,-134.0206002,0.2310142,2  ,49  ,21 ,0.50,0.50,0.00,1
250000,11,70 ,-10,0.0000002,-124.0206002,0.2310142,0  ,71  ,21 ,0.50,0.50,0.00,1
250000,11,70 ,0  ,0.0000002,-114.0206002,0.2310142,0  ,93  ,21 ,0.50,0.50,0.00,1
250000,11,90 ,-40,0.0487882,-154.0206002,0.2637822,69 ,6   ,24 ,0.00,0.00,1.00,2
250000,11,90 ,-30,0.0472732,-144.0206002,0.2637822,67 ,28  ,24 ,0.00,0.00,1.00,2
250000,11,90 ,-20,0.0054552,-134.0206002,0.2637822,7  ,49  ,24 ,0.50,0.50,0.00,1
250000,11,90 ,-10,0.0000002,-124.0206002,0.2637822,0  ,71  ,24 ,0.50,0.50,0.00,1
250000,11,90 ,0  ,0.0000002,-114.0206002,0.2637822,0  ,93  ,24 ,0.50,0.50,0.00,1
250000,11,110,-40,0.0499172,-154.0206002,0.2637822,71 ,6   ,24 ,0.00,0.00,1.00,2
250000,11,110,-30,0.0471072,-144.0206002,0.2637822,67 ,28  ,24 ,0.00,0.00,1.00,2
250000,11,110,-20,0.0005792,-134.0206002,0.2637822,0  ,49  ,24 ,0.50,0.50,0.00,1
250000,11,110,-10,0.0000002,-124.0206002,0.2637822,0  ,71  ,24 ,0.50,0.50,0.00,1
250000,11,110,0  ,0.0000002,-114.0206002,0.2637822,0  ,93  ,24 ,0.50,0.50,0.00,1
250000,12,10 ,-40,0.0475002,-154.0206002,0.3309572,67 ,6   ,31 ,0.00,0.00,1.00,2
250000,12,10 ,-30,0.0541672,-144.0206002,0.3309572,77 ,28  ,31 ,0.00,0.00,1.00,2
250000,12,10 ,-20,0.0000002,-134.0206002,0.3309572,0  ,49  ,31 ,0.50,0.50,0.00,1
250000,12,10 ,-10,0.0000002,-124.0206002,0.3309572,0  ,71  ,31 ,0.50,0.50,0.00,1
250000,12,10 ,0  ,0.0000002,-114.0206002,0.3309572,0  ,93  ,31 ,0.50,0.50,0.00,1
250000,12,30 ,-40,0.0466672,-154.0206002,0.3964932,66 ,6   ,37 ,0.00,0.00,1.00,2
250000,12,30 ,-30,0.0419442,-144.0206002,0.3964932,59 ,28  ,37 ,0.00,0.00,1.00,2
250000,12,30 ,-20,0.0000002,-134.0206002,0.3964932,0  ,49  ,37 ,0.50,0.50,0.00,0
250000,12,30 ,-10,0.0000002,-124.0206002,0.3964932,0  ,71  ,37 ,0.50,0.50,0.00,1
250000,12,30 ,0  ,0.0000002,-114.0206002,0.3964932,0  ,93  ,37 ,0.50,0.50,0.00,1
250000,12,50 ,-40,0.0520002,-154.0206002,0.3964932,74 ,6   ,37 ,0.00,0.00,1.00,2
250000,12,50 ,-30,0.0428332,-144.0206002,0.3964932,61 ,28  ,37 ,0.00,0.00,1.00,2
250000,12,50 ,-20,0.0000002,-134.0206002,0.3964932,0  ,49  ,37 ,0.50,0.50,0.00,0
250000,12,50 ,-10,0.0000002,-124.0206002,0.3964932,0  ,71  ,37 ,0.50,0.50,0.00,1
250000,12,50 ,0  ,0.0000002,-114.0206002,0.3964932,0  ,93  ,37 ,0.50,0.50,0.00,1
250000,12,70 ,-40,0.0528572,-154.0206002,0.4620292,75 ,6   ,43 ,0.00,0.00,1.00,2
250000,12,70 ,-30,0.0441672,-144.0206002,0.4620292,63 ,28  ,43 ,0.00,0.00,1.00,2
250000,12,70 ,-20,0.0144052,-134.0206002,0.4620292,20 ,49  ,43 ,0.50,0.50,0.00,0
250000,12,70 ,-10,0.0000002,-124.0206002,0.4620292,0  ,71  ,43 ,0.50,0.50,0.00,1
250000,12,70 ,0  ,0.0000002,-114.0206002,0.4620292,0  ,93  ,43 ,0.50,0.50,0.00,1
250000,12,90 ,-40,0.0533332,-154.0206002,0.4620292,76 ,6   ,43 ,0.00,0.00,1.00,2
250000,12,90 ,-30,0.0407412,-144.0206002,0.4620292,58 ,28  ,43 ,0.00,0.00,1.00,2
250000,12,90 ,-20,0.0000002,-134.0206002,0.4620292,0  ,49  ,43 ,0.50,0.50,0.00,0
250000,12,90 ,-10,0.0000002,-124.0206002,0.4620292,0  ,71  ,43 ,0.50,0.50,0.00,1
250000,12,90 ,0  ,0.0000002,-114.0206002,0.4620292,0  ,93  ,43 ,0.50,0.50,0.00,1
250000,12,110,-40,0.0511362,-154.0206002,0.5275652,73 ,6   ,49 ,0.00,0.00,1.00,2
250000,12,110,-30,0.0421212,-144.0206002,0.5275652,60 ,28  ,49 ,0.00,0.00,1.00,2
250000,12,110,-20,0.0090152,-134.0206002,0.5275652,12 ,49  ,49 ,0.50,0.50,0.00,0
250000,12,110,-10,0.0000002,-124.0206002,0.5275652,0  ,71  ,49 ,0.50,0.50,0.00,1
250000,12,110,0  ,0.0000002,-114.0206002,0.5275652,0  ,93  ,49 ,0.50,0.50,0.00,1
500000,7 ,10 ,-40,0.0600002,-151.0103002,0.0061952,85 ,13  ,0  ,0.00,0.00,1.00,2
500000,7 ,10 ,-30,0.0414292,-141.0103002,0.0061952,59 ,34  ,0  ,0.00,0.00,1.00,2
500000,7 ,10 ,-20,0.0428572,-131.0103002,0.0061952,61 ,56  ,0  ,0.00,0.00,1.00,2
500000,7 ,10 ,-10,0.0000002,-121.0103002,0.0061952,0  ,78  ,0  ,0.50,0.50,0.00,1
500000,7 ,10 ,0  ,0.0000002,-111.0103002,0.0061952,0  ,99  ,0  ,0.50,0.50,0.00,1
500000,7 ,30 ,-40,0.0528572,-151.0103002,0.0072192,75 ,13  ,0  ,0.00,0.00,1.00,2
500000,7 ,30 ,-30,0.0571432,-141.0103002,0.0072192,81 ,34  ,0  ,0.00,0.00,1.00,2
500000,7 ,30 ,-20,0.0519052,-131.0103002,0.0072192,74 ,56  ,0  ,0.00,0.00,1.00,2
500000,7 ,30 ,-10,0.0023812,-121.0103002,0.0072192,3  ,78  ,0  ,0.50,0.50,0.00,1
500000,7 ,30 ,0  ,0.0000002,-111.0103002,0.0072192,0  ,99  ,0  ,0.50,0.50,0.00,1
500000,7 ,50 ,-40,0.0462862,-151.0103002,0.0082432,66 ,13  ,0  ,0.00,0.00,1.00,2
500000,7 ,50 ,-30,0.0517142,-141.0103002,0.0082432,73 ,34  ,0  ,0.00,0.00,1.00,2
500000,7 ,50 ,-20,0.0502862,-131.0103002,0.0082432,71 ,56  ,0  ,0.00,0.00,1.00,2
500000,7 ,50 ,-10,0.0025712,-121.0103002,0.0082432,3  ,78  ,0  ,0.50,0.50,0.00,1
500000,7 ,50 ,0  ,0.0000002,-111.0103002,0.0082432,0  ,99  ,0  ,0.50,0.50,0.00,1
500000,7 ,70 ,-40,0.0459182,-151.0103002,0.0092672,65 ,13  ,0  ,0.00,0.00,1.00,2
500000,7 ,70 ,-30,0.0475512,-141.0103002,0.0092672,67 ,34  ,0  ,0.00,0.00,1.00,2
500000,7 ,70 ,-20,0.0463272,-131.0103002,0.0092672,66 ,56  ,0  ,0.00,0.00,1.00,2
500000,7 ,70 ,-10,0.0018372,-121.0103002,0.0092672,2  ,78  ,0  ,0.50,0.50,0.00,1
500000,7 ,70 ,0  ,0.0000002,-111.0103002,0.0092672,0  ,99  ,0  ,0.50,0.50,0.00,1
500000,7 ,90 ,-40,0.0511112,-151.0103002,0.0102912,73 ,13  ,0  ,0.00,0.00,1.00,2
500000,7 ,90 ,-30,0.0538102,-141.0103002,0.0102912,76 ,34  ,0  ,0.00,0.00,1.00,2
500000,7 ,90 ,-20,0.0431752,-131.0103002,0.0102912,61 ,56  ,0  ,0.00,0.00,1.00,2
500000,7 ,90 ,-10,0.0019052,-121.0103002,0.0102912,2  ,78  ,0  ,0.50,0.50,0.00,1
500000,7 ,90 ,0  ,0.0000002,-111.0103002,0.0102912,0  ,99  ,0  ,0.50,0.50,0.00,1
500000,7 ,110,-40,0.0489612,-151.0103002,0.0113152,69 ,13  ,1  ,0.00,0.00,1.00,2
500000,7 ,110,-30,0.0480522,-141.0103002,0.0113152,68 ,34  ,1  ,0.00,0.00,1.00,2
500000,7 ,110,-20,0.0480522,-131.0103002,0.0113152,68 ,56  ,1  ,0.00,0.00,1.00,2
500000,7 ,110,-10,0.0016882,-121.0103002,0.0113152,2  ,78  ,1  ,0.50,0.50,0.00,1
500000,7 ,110,0  ,0.0000002,-111.0103002,0.0113152,0  ,99  ,1  ,0.50,0.50,0.00,1
500000,8 ,10 ,-40,0.0487502,-151.0103002,0.0123902,69 ,13  ,1  ,0.00,0.00,1.00,2
500000,8 ,10 ,-30,0.0512502,-141.0103002,0.0123902,73 ,34  ,1  ,0.00,0.00,1.00,2
500000,8 ,10 ,-20,0.0512502,-131.0103002,0.0123902,73 ,56  ,1  ,0.00,0.00,1.00,2
500000,8 ,10 ,-10,0.0000002,-121.0103002,0.0123902,0  ,78  ,1  ,0.50,0.50,0.00,1
500000,8 ,10 ,0  ,0.0000002,-111.0103002,0.0123902,0  ,99  ,1  ,0.50,0.50,0.00,1
500000,8 ,30 ,-40,0.0554172,-151.0103002,0.0144382,79 ,13  ,1  ,0.00,0.00,1.00,2
500000,8 ,30 ,-30,0.0558332,-141.0103002,0.0144382,79 ,34  ,1  ,0.00,0.00,1.00,2
500000,8 ,30 ,-20,0.0391672,-131.0103002,0.0144382,55 ,56  ,1  ,0.00,0.00,1.00,2
500000,8 ,30 ,-10,0.0000002,-121.0103002,0.0144382,0  ,78  ,1  ,0.50,0.50,0.00,1
500000,8 ,30 ,0  ,0.0000002,-111.0103002,0.0144382,0  ,99  ,1  ,0.50,0.50,0.00,1
500000,8 ,50 ,-40,0.0532502,-151.0103002,0.0144382,76 ,13  ,1  ,0.00,0.00,1.00,2
500000,8 ,50 ,-30,0.0460002,-141.0103002,0.0144382,65 ,34  ,1  ,0.00,0.00,1.00,2
500000,8 ,50 ,-20,0.0457502,-131.0103002,0.0144382,65 ,56  ,1  ,0.00,0.00,1.00,2
500000,8 ,50 ,-10,0.0000002,-121.0103002,0.0144382,0  ,78  ,1  ,0.50,0.50,0.00,1
500000,8 ,50 ,0  ,0.0000002,-111.0103002,0.0144382,0  ,99  ,1  ,0.50,0.50,0.00,1
500000,8 ,70 ,-40,0.0489292,-151.0103002,0.0164862,69 ,13  ,1  ,0.00,0.00,1.00,2
500000,8 ,70 ,-30,0.0492862,-141.0103002,0.0164862,70 ,34  ,1  ,0.00,0.00,1.00,2
500000,8 ,70 ,-20,0.0416072,-131.0103002,0.0164862,59 ,56  ,1  ,0.00,0.00,1.00,2
500000,8 ,70 ,-10,0.0000002,-121.0103002,0.0164862,0  ,78  ,1  ,0.50,0.50,0.00,1
500000,8 ,70 ,0  ,0.0000002,-111.0103002,0.0164862,0  ,99  ,1  ,0.50,0.50,0.00,1
500000,8 ,90 ,-40,0.0509722,-151.0103002,0.0185342,72 ,13  ,1  ,0.00,0.00,1.00,2
500000,8 ,90 ,-30,0.0516672,-141.0103002,0.0185342,73 ,34  ,1  ,0.00,0.00,1.00,2
500000,8 ,90 ,-20,0.0437502,-131.0103002,0.0185342,62 ,56  ,1  ,0.00,0.00,1.00,2
500000,8 ,90 ,-10,0.0000002,-121.0103002,0.0185342,0  ,78  ,1  ,0.50,0.50,0.00,1
500000,8 ,90 ,0  ,0.0000002,-111.0103002,0.0185342,0  ,99  ,1  ,0.50,0.50,0.00,1
500000,8 ,110,-40,0.0500002,-151.0103002,0.0205822,71 ,13  ,1  ,0.00,0.00,1.00,2
500000,8 ,110,-30,0.0518182,-141.0103002,0.0205822,74 ,34  ,1  ,0.00,0.00,1.00,2
500000,8 ,110,-20,0.0426142,-131.0103002,0.0205822,60 ,56  ,1  ,0.00,0.00,1.00,2
500000,8 ,110,-10,0.0000002,-121.0103002,0.0205822,0  ,78  ,1  ,0.50,0.50,0.00,1
500000,8 ,110,0  ,0.0000002,-111.0103002,0.0205822,0  ,99  ,1  ,0.50,0.50,0.00,1
500000,9 ,10 ,-40,0.0577782,-151.0103002,0.0247812,82 ,13  ,2  ,0.00,0.00,1.00,2
500000,9 ,10 ,-30,0.0522222,-141.0103002,0.0247812,74 ,34  ,2  ,0.00,0.00,1.00,2
500000,9 ,10 ,-20,0.0311112,-131.0103002,0.0247812,44 ,56  ,2  ,0.04,0.04,0.93,2
500000,9 ,10 ,-10,0.0000002,-121.0103002,0.0247812,0  ,78  ,2  ,0.50,0.50,0.00,1
500000,9 ,10 ,0  ,0.0000002,-111.0103002,0.0247812,0  ,99  ,2  ,0.50,0.50,0.00,1
500000,9 ,30 ,-40,0.0470372,-151.0103002,0.0247812,67 ,13  ,2  ,0.00,0.00,1.00,2
500000,9 ,30 ,-30,0.0500002,-141.0103002,0.0247812,71 ,34  ,2  ,0.00,0.00,1.00,2
500000,9 ,30 ,-20,0.0240742,-131.0103002,0.0247812,34 ,56  ,2  ,0.49,0.49,0.02,1
500000,9 ,30 ,-10,0.0000002,-121.0103002,0.0247812,0  ,78  ,2  ,0.50,0.50,0.00,1
500000,9 ,30 ,0  ,0.0000002,-111.0103002,0.0247812,0  ,99  ,2  ,0.50,0.50,0.00,1
500000,9 ,50 ,-40,0.0477782,-151.0103002,0.0288772,68 ,13  ,2  ,0.00,0.00,1.00,2
500000,9 ,50 ,-30,0.0484442,-141.0103002,0.0288772,69 ,34  ,2  ,0.00,0.00,1.00,2
500000,9 ,50 ,-20,0.0331112,-131.0103002,0.0288772,47 ,56  ,2  ,0.01,0.01,0.99,2
500000,9 ,50 ,-10,0.0000002,-121.0103002,0.0288772,0  ,78  ,2  ,0.50,0.50,0.00,1
500000,9 ,50 ,0  ,0.0000002,-111.0103002,0.0288772,0  ,99  ,2  ,0.50,0.50,0.00,1
500000,9 ,70 ,-40,0.0530162,-151.0103002,0.0329732,75 ,13  ,3  ,0.00,0.00,1.00,2
500000,9 ,70 ,-30,0.0479372,-141.0103002,0.0329732,68 ,34  ,3  ,0.00,0.00,1.00,2
500000,9 ,70 ,-20,0.0312702,-131.0103002,0.0329732,44 ,56  ,3  ,0.04,0.04,0.93,2
500000,9 ,70 ,-10,0.0000002,-121.0103002,0.0329732,0  ,78  ,3  ,0.50,0.50,0.00,1
500000,9 ,70 ,0  ,0.0000002,-111.0103002,0.0329732,0  ,99  ,3  ,0.50,0.50,0.00,1
500000,9 ,90 ,-40,0.0493832,-151.0103002,0.0329732,70 ,13  ,3  ,0.00,0.00,1.00,2
500000,9 ,90 ,-30,0.0477782,-141.0103002,0.0329732,68 ,34  ,3  ,0.00,0.00,1.00,2
500000,9 ,90 ,-20,0.0311112,-131.0103002,0.0329732,44 ,56  ,3  ,0.04,0.04,0.93,2
500000,9 ,90 ,-10,0.0000002,-121.0103002,0.0329732,0  ,78  ,3  ,0.50,0.50,0.00,1
500000,9 ,90 ,0  ,0.0000002,-111.0103002,0.0329732,0  ,99  ,3  ,0.50,0.50,0.00,1
500000,9 ,110,-40,0.0482832,-151.0103002,0.0370692,68 ,13  ,3  ,0.00,0.00,1.00,2
500000,9 ,110,-30,0.0492932,-141.0103002,0.0370692,70 ,34  ,3  ,0.00,0.00,1.00,2
500000,9 ,110,-20,0.0370712,-131.0103002,0.0370692,52 ,56  ,3  ,0.00,0.00,1.00,2
500000,9 ,110,-10,0.0000002,-121.0103002,0.0370692,0  ,78  ,3  ,0.50,0.50,0.00,1
500000,9 ,110,0  ,0.0000002,-111.0103002,0.0370692,0  ,99  ,3  ,0.50,0.50,0.00,1
500000,10,10 ,-40,0.0510002,-151.0103002,0.0413702,72 ,13  ,3  ,0.00,0.00,1.00,2
500000,10,10 ,-30,0.0500002,-141.0103002,0.0413702,71 ,34  ,3  ,0.00,0.00,1.00,2
500000,10,10 ,-20,0.0120002,-131.0103002,0.0413702,17 ,56  ,3  ,0.50,0.50,0.00,1
500000,10,10 ,-10,0.0000002,-121.0103002,0.0413702,0  ,78  ,3  ,0.50,0.50,0.00,1
500000,10,10 ,0  ,0.0000002,-111.0103002,0.0413702,0  ,99  ,3  ,0.50,0.50,0.00,1
500000,10,30 ,-40,0.0476672,-151.0103002,0.0495622,68 ,13  ,4  ,0.00,0.00,1.00,2
500000,10,30 ,-30,0.0463332,-141.0103002,0.0495622,66 ,34  ,4  ,0.00,0.00,1.00,2
500000,10,30 ,-20,0.0073332,-131.0103002,0.0495622,10 ,56  ,4  ,0.50,0.50,0.00,1
500000,10,30 ,-10,0.0000002,-121.0103002,0.0495622,0  ,78  ,4  ,0.50,0.50,0.00,1
500000,10,30 ,0  ,0.0000002,-111.0103002,0.0495622,0  ,99  ,4  ,0.50,0.50,0.00,1
500000,10,50 ,-40,0.0496002,-151.0103002,0.0577542,70 ,13  ,5  ,0.00,0.00,1.00,2
500000,10,50 ,-30,0.0492002,-141.0103002,0.0577542,70 ,34  ,5  ,0.00,0.00,1.00,2
500000,10,50 ,-20,0.0136002,-131.0103002,0.0577542,19 ,56  ,5  ,0.50,0.50,0.00,1
500000,10,50 ,-10,0.0000002,-121.0103002,0.0577542,0  ,78  ,5  ,0.50,0.50,0.00,1
500000,10,50 ,0  ,0.0000002,-111.0103002,0.0577542,0  ,99  ,5  ,0.50,0.50,0.00,1
500000,10,70 ,-40,0.0538572,-151.0103002,0.0577542,76 ,13  ,5  ,0.00,0.00,1.00,2
500000,10,70 ,-30,0.0491432,-141.0103002,0.0577542,70 ,34  ,5  ,0.00,0.00,1.00,2
500000,10,70 ,-20,0.0102862,-131.0103002,0.0577542,14 ,56  ,5  ,0.50,0.50,0.00,1
500000,10,70 ,-10,0.0000002,-121.0103002,0.0577542,0  ,78  ,5  ,0.50,0.50,0.00,1
500000,10,70 ,0  ,0.0000002,-111.0103002,0.0577542,0  ,99  ,5  ,0.50,0.50,0.00,1
500000,10,90 ,-40,0.0497782,-151.0103002,0.0659462,71 ,13  ,6  ,0.00,0.00,1.00,2
500000,10,90 ,-30,0.0501112,-141.0103002,0.0659462,71 ,34  ,6  ,0.00,0.00,1.00,2
500000,10,90 ,-20,0.0135562,-131.0103002,0.0659462,19 ,56  ,6  ,0.50,0.50,0.00,1
500000,10,90 ,-10,0.0000002,-121.0103002,0.0659462,0  ,78  ,6  ,0.50,0.50,0.00,1
500000,10,90 ,0  ,0.0000002,-111.0103002,0.0659462,0  ,99  ,6  ,0.50,0.50,0.00,1
500000,10,110,-40,0.0513642,-151.0103002,0.0741382,73 ,13  ,6  ,0.00,0.00,1.00,2
500000,10,110,-30,0.0484552,-141.0103002,0.0741382,69 ,34  ,6  ,0.00,0.00,1.00,2
500000,10,110,-20,0.0105452,-131.0103002,0.0741382,15 ,56  ,6  ,0.50,0.50,0.00,1
500000,10,110,-10,0.0000002,-121.0103002,0.0741382,0  ,78  ,6  ,0.50,0.50,0.00,1
500000,10,110,0  ,0.0000002,-111.0103002,0.0741382,0  ,99  ,6  ,0.50,0.50,0.00,1
500000,11,10 ,-40,0.0481822,-151.0103002,0.0827392,68 ,13  ,7  ,0.00,0.00,1.00,2
500000,11,10 ,-30,0.0490912,-141.0103002,0.0827392,70 ,34  ,7  ,0.00,0.00,1.00,2
500000,11,10 ,-20,0.0000002,-131.0103002,0.0827392,0  ,56  ,7  ,0.50,0.50,0.00,1
500000,11,10 ,-10,0.0000002,-121.0103002,0.0827392,0  ,78  ,7  ,0.50,0.50,0.00,1
500000,11,10 ,0  ,0.0000002,-111.0103002,0.0827392,0  ,99  ,7  ,0.50,0.50,0.00,1
500000,11,30 ,-40,0.0530302,-151.0103002,0.0991232,75 ,13  ,9  ,0.00,0.00,1.00,2
500000,11,30 ,-30,0.0442422,-141.0103002,0.0991232,63 ,34  ,9  ,0.00,0.00,1.00,2
500000,11,30 ,-20,0.0000002,-131.0103002,0.0991232,0  ,56  ,9  ,0.50,0.50,0.00,1
500000,11,30 ,-10,0.0000002,-121.0103002,0.0991232,0  ,78  ,9  ,0.50,0.50,0.00,1
500000,11,30 ,0  ,0.0000002,-111.0103002,0.0991232,0  ,99  ,9  ,0.50,0.50,0.00,1
500000,11,50 ,-40,0.0509092,-151.0103002,0.0991232,72 ,13  ,9  ,0.00,0.00,1.00,2
500000,11,50 ,-30,0.0423642,-141.0103002,0.0991232,60 ,34  ,9  ,0.00,0.00,1.00,2
500000,11,50 ,-20,0.0000002,-131.0103002,0.0991232,0  ,56  ,9  ,0.50,0.50,0.00,1
500000,11,50 ,-10,0.0000002,-121.0103002,0.0991232,0  ,78  ,9  ,0.50,0.50,0.00,1
500000,11,50 ,0  ,0.0000002,-111.0103002,0.0991232,0  ,99  ,9  ,0.50,0.50,0.00,1
500000,11,70 ,-40,0.0503902,-151.0103002,0.1155072,71 ,13  ,10 ,0.00,0.00,1.00,2
500000,11,70 ,-30,0.0477922,-141.0103002,0.1155072,68 ,34  ,10 ,0.00,0.00,1.00,2
500000,11,70 ,-20,0.0016882,-131.0103002,0.1155072,2  ,56  ,10 ,0.50,0.50,0.00,1
500000,11,70 ,-10,0.0000002,-121.0103002,0.1155072,0  ,78  ,10 ,0.50,0.50,0.00,1
500000,11,70 ,0  ,0.0000002,-111.0103002,0.1155072,0  ,99  ,10 ,0.50,0.50,0.00,1
500000,11,90 ,-40,0.0496972,-151.0103002,0.1318912,70 ,13  ,12 ,0.00,0.00,1.00,2
500000,11,90 ,-30,0.0474752,-141.0103002,0.1318912,67 ,34  ,12 ,0.00,0.00,1.00,2
500000,11,90 ,-20,0.0012122,-131.0103002,0.1318912,1  ,56  ,12 ,0.50,0.50,0.00,1
500000,11,90 ,-10,0.0000002,-121.0103002,0.1318912,0  ,78  ,12 ,0.50,0.50,0.00,1
500000,11,90 ,0  ,0.0000002,-111.0103002,0.1318912,0  ,99  ,12 ,0.50,0.50,0.00,1
500000,11,110,-40,0.0511572,-151.0103002,0.1318912,73 ,13  ,12 ,0.00,0.00,1.00,2
500000,11,110,-30,0.0454552,-141.0103002,0.1318912,64 ,34  ,12 ,0.00,0.00,1.00,2
500000,11,110,-20,0.0020662,-131.0103002,0.1318912,2  ,56  ,12 ,0.50,0.50,0.00,1
500000,11,110,-10,0.0000002,-121.0103002,0.1318912,0  ,78  ,12 ,0.50,0.50,0.00,1
500000,11,110,0  ,0.0000002,-111.0103002,0.1318912,0  ,99  ,12 ,0.50,0.50,0.00,1
500000,12,10 ,-40,0.0475002,-151.0103002,0.1654782,67 ,13  ,15 ,0.00,0.00,1.00,2
500000,12,10 ,-30,0.0291672,-141.0103002,0.1654782,41 ,34  ,15 ,0.00,0.00,1.00,2
500000,12,10 ,-20,0.0000002,-131.0103002,0.1654782,0  ,56  ,15 ,0.50,0.50,0.00,1
500000,12,10 ,-10,0.0000002,-121.0103002,0.1654782,0  ,78  ,15 ,0.50,0.50,0.00,1
500000,12,10 ,0  ,0.0000002,-111.0103002,0.1654782,0  ,99  ,15 ,0.50,0.50,0.00,1
500000,12,30 ,-40,0.0452782,-151.0103002,0.1982462,64 ,13  ,18 ,0.00,0.00,1.00,2
500000,12,30 ,-30,0.0469442,-141.0103002,0.1982462,67 ,34  ,18 ,0.00,0.00,1.00,2
500000,12,30 ,-20,0.0000002,-131.0103002,0.1982462,0  ,56  ,18 ,0.50,0.50,0.00,1
500000,12,30 ,-10,0.0000002,-121.0103002,0.1982462,0  ,78  ,18 ,0.50,0.50,0.00,1
500000,12,30 ,0  ,0.0000002,-111.0103002,0.1982462,0  ,99  ,18 ,0.50,0.50,0.00,1
500000,12,50 ,-40,0.0521672,-151.0103002,0.1982462,74 ,13  ,18 ,0.00,0.00,1.00,2
500000,12,50 ,-30,0.0393332,-141.0103002,0.1982462,56 ,34  ,18 ,0.00,0.00,1.00,2
500000,12,50 ,-20,0.0121672,-131.0103002,0.1982462,17 ,56  ,18 ,0.50,0.50,0.00,1
500000,12,50 ,-10,0.0000002,-121.0103002,0.1982462,0  ,78  ,18 ,0.50,0.50,0.00,1
500000,12,50 ,0  ,0.0000002,-111.0103002,0.1982462,0  ,99  ,18 ,0.50,0.50,0.00,1
500000,12,70 ,-40,0.0503572,-151.0103002,0.2310142,71 ,13  ,21 ,0.00,0.00,1.00,2
500000,12,70 ,-30,0.0429762,-141.0103002,0.2310142,61 ,34  ,21 ,0.00,0.00,1.00,2
500000,12,70 ,-20,0.0000002,-131.0103002,0.2310142,0  ,56  ,21 ,0.50,0.50,0.00,1
500000,12,70 ,-10,0.0000002,-121.0103002,0.2310142,0  ,78  ,21 ,0.50,0.50,0.00,1
500000,12,70 ,0  ,0.0000002,-111.0103002,0.2310142,0  ,99  ,21 ,0.50,0.50,0.00,1
500000,12,90 ,-40,0.0516672,-151.0103002,0.2310142,73 ,13  ,21 ,0.00,0.00,1.00,2
500000,12,90 ,-30,0.0339812,-141.0103002,0.2310142,48 ,34  ,21 ,0.00,0.00,1.00,2
500000,12,90 ,-20,0.0126852,-131.0103002,0.2310142,18 ,56  ,21 ,0.50,0.50,0.00,1
500000,12,90 ,-10,0.0000002,-121.0103002,0.2310142,0  ,78  ,21 ,0.50,0.50,0.00,1
500000,12,90 ,0  ,0.0000002,-111.0103002,0.2310142,0  ,99  ,21 ,0.50,0.50,0.00,1
500000,12,110,-40,0.0483332,-151.0103002,0.2637822,69 ,13  ,24 ,0.00,0.00,1.00,2
500000,12,110,-30,0.0413642,-141.0103002,0.2637822,59 ,34  ,24 ,0.00,0.00,1.00,2
500000,12,110,-20,0.0014392,-131.0103002,0.2637822,2  ,56  ,24 ,0.50,0.50,0.00,1
500000,12,110,-10,0.0029552,-121.0103002,0.2637822,4  ,78  ,24 ,0.50,0.50,0.00,1
500000,12,110,0  ,0.0000002,-111.0103002,0.2637822,0  ,99  ,24 ,0.50,0.50,0.00,1
