{
  "blocks": false,
  "brackets": "never",
  "colons": "always",
  "colors": "always",
  "commaSpace": "always",
  "commentSpace": "always",
  "cssLiteral": "never",
  "customProperties": [],
  "depthLimit": 4,
  "duplicates": true,
  "efficient": "always",
  "exclude": [],
  "extendPref": false,
  "globalDupe": false,
  "groupOutputByFile": true,
  "indentPref": 2,
  "leadingZero": "never",
  "maxErrors": false,
  "maxWarnings": false,
  "mixed": false,
  "mixins": [],
  "namingConvention": "lowercase-dash",
  "namingConventionStrict": false,
  "none": "never",
  "noImportant": true,
  "parenSpace": false,
  "placeholders": "always",
  "prefixVarsWithDollar": "always",
  "quotePref": "single",
  "reporterOptions": {
    "columns": ["lineData", "severity", "description", "rule"],
    "columnSplitter": "  ",
    "showHeaders": false,
    "truncate": true
  },
  "semicolons": "never",
  "sortOrder": false,
  "stackedProperties": "never",
  "trailingWhitespace": "never",
  "universal": false,
  "valid": true,
  "zeroUnits": "never",
  "zIndexNormalize": false
}
