id,sensor_id,server_timestamp,timestamp,gps_lat,gps_lng,gps_alt,batt_v,pressure,humidity,temperature,pm1.0,pm2.5,pm10
224552,3,1480452305,1480452300,0,0,0,3.906,1027.2,17.7,20.6,12,14,15
224572,3,1480452605,1480452600,0,0,0,3.903,1027.2,17.6,20.5,13,15,15
224592,3,1480452905,1480452900,0,0,0,3.902,1027.3,17.6,20.6,12,13,13
224612,3,1480453205,1480453200,0,0,0,3.904,1027.3,17.6,20.6,11,11,12
224632,3,1480453505,1480453500,0,0,0,3.904,1027.3,17.5,20.6,14,16,16
224658,3,1480453805,1480453800,0,0,0,3.9,1027.3,17.4,20.6,12,14,14
224678,3,1480454105,1480454100,0,0,0,3.898,1027.4,17.4,20.6,15,16,16
224697,3,1480454405,1480454400,0,0,0,3.899,1027.5,17.3,20.5,10,12,13
224717,3,1480454705,1480454700,0,0,0,3.899,1027.5,17.3,20.5,14,15,16
224737,3,1480455005,1480455000,0,0,0,3.897,1027.5,17.2,20.5,15,16,16
224757,3,1480455305,1480455300,0,0,0,3.893,1027.5,17.2,20.5,11,15,17
224777,3,1480455605,1480455600,0,0,0,3.894,1027.4,17.2,20.5,13,14,14
224796,3,1480455905,1480455900,0,0,0,3.895,1027.5,17.1,20.4,12,14,15
224819,3,1480456205,1480456200,0,0,0,3.892,1027.5,17,20.5,14,17,17
224840,3,1480456505,1480456500,0,0,0,3.893,1027.4,17,20.4,11,14,14
224859,3,1480456805,1480456800,0,0,0,3.89,1027.4,17,20.4,17,19,19
224879,3,1480457105,1480457100,0,0,0,3.891,1027.5,16.9,20.4,14,17,18
224897,3,1480457405,1480457400,0,0,0,3.892,1027.4,16.9,20.4,14,15,16
224917,3,1480457705,1480457700,0,0,0,3.889,1027.4,16.9,20.4,17,21,22
224936,3,1480458005,1480458000,0,0,0,3.886,1027.5,16.9,20.4,14,15,15
224956,3,1480458305,1480458300,0,0,0,3.88,1027.5,17,20.4,12,14,16
224976,3,1480458605,1480458600,0,0,0,3.884,1027.5,17,20.3,13,14,15
225001,3,1480458905,1480458900,0,0,0,3.883,1027.5,16.9,20.3,13,15,16
225020,3,1480459205,1480459200,0,0,0,3.88,1027.5,16.8,20.3,14,15,16
225040,3,1480459505,1480459500,0,0,0,3.879,1027.5,16.8,20.4,13,15,17
225060,3,1480459805,1480459800,0,0,0,3.879,1027.6,16.8,20.4,15,16,16
225079,3,1480460105,1480460100,0,0,0,3.878,1027.7,16.7,20.4,16,20,22
225099,3,1480460405,1480460400,0,0,0,3.879,1027.6,16.8,20.3,13,14,14
225119,3,1480460705,1480460700,0,0,0,3.878,1027.5,16.7,20.3,17,21,21
225139,3,1480461005,1480461000,0,0,0,3.874,1027.4,16.8,20.3,13,16,17
225158,3,1480461305,1480461300,0,0,0,3.871,1027.6,16.8,20.2,15,18,19
225183,3,1480461605,1480461600,0,0,0,3.872,1027.8,16.8,20.2,15,17,18
225203,3,1480461905,1480461900,0,0,0,3.87,1027.7,16.6,20.2,13,15,16
225222,3,1480462205,1480462200,0,0,0,3.87,1027.7,16.7,20.2,14,17,17
225241,3,1480462505,1480462500,0,0,0,3.868,1027.7,16.7,20.2,15,16,21
225261,3,1480462805,1480462800,0,0,0,3.87,1027.7,16.7,20.2,17,19,21
225281,3,1480463105,1480463100,0,0,0,3.87,1027.7,16.6,20.2,15,18,18
225301,3,1480463405,1480463400,0,0,0,3.866,1027.6,16.7,20.2,13,15,16
225320,3,1480463705,1480463700,0,0,0,3.868,1027.5,16.6,20.2,14,16,17
225346,3,1480464005,1480464000,0,0,0,3.864,1027.5,16.6,20.2,16,19,19
225366,3,1480464305,1480464300,0,0,0,3.87,1027.6,16.6,20.2,14,17,17
225385,3,1480464605,1480464600,0,0,0,3.865,1027.7,16.5,20.2,13,15,17
225404,3,1480464905,1480464900,0,0,0,3.863,1027.7,16.5,20.2,16,21,23
225424,3,1480465205,1480465200,0,0,0,3.863,1027.7,16.5,20.2,16,20,20
225443,3,1480465505,1480465500,0,0,0,3.856,1027.8,16.5,20.2,15,15,15
225463,3,1480465805,1480465800,0,0,0,3.861,1027.9,16.5,20.1,17,22,23
225483,3,1480466105,1480466100,0,0,0,3.861,1028,16.5,20.1,16,19,19
225503,3,1480466405,1480466400,0,0,0,3.857,1027.9,16.5,20.1,16,17,18
225528,3,1480466705,1480466700,0,0,0,3.855,1028,16.5,20.1,16,18,23
225547,3,1480467005,1480467000,0,0,0,3.858,1028.2,16.4,20.1,13,17,18
225567,3,1480467305,1480467300,0,0,0,3.852,1028.3,16.4,20.2,13,16,17
225586,3,1480467605,1480467600,0,0,0,3.851,1028.3,16.4,20.1,15,20,22
225605,3,1480467905,1480467900,0,0,0,3.855,1028.2,16.4,20.2,16,19,19
225625,3,1480468205,1480468200,0,0,0,3.851,1028.2,16.4,20.1,17,19,19
225644,3,1480468505,1480468500,0,0,0,3.848,1028.3,16.4,20.1,17,19,19
225665,3,1480468805,1480468800,0,0,0,3.85,1028.4,16.4,20.1,18,21,22
225684,3,1480469105,1480469100,0,0,0,3.849,1028.5,16.4,20.1,15,17,22
225709,3,1480469405,1480469400,0,0,0,3.846,1028.6,16.4,20.2,17,20,20
225729,3,1480469705,1480469700,0,0,0,3.845,1028.6,16.4,20.1,16,20,20
225749,3,1480470005,1480470000,0,0,0,3.845,1028.8,16.5,20.1,17,20,20
225769,3,1480470305,1480470300,0,0,0,3.847,1028.9,16.4,20.1,15,16,16
225789,3,1480470605,1480470600,0,0,0,3.845,1028.9,16.4,20.1,16,20,22
225809,3,1480470905,1480470900,0,0,0,3.841,1029,16.4,20.1,19,23,24
225829,3,1480471205,1480471200,0,0,0,3.84,1029.2,16.4,20.1,20,21,21
225848,3,1480471505,1480471500,0,0,0,3.84,1029.3,16.3,20.1,19,24,24
225871,3,1480471805,1480471800,0,0,0,3.84,1029.3,16.3,20.1,19,20,21
225894,3,1480472105,1480472100,0,0,0,3.839,1029.2,16.4,20.1,17,22,22
225913,3,1480472405,1480472400,0,0,0,3.837,1029.3,16.3,20.1,18,19,20
225932,3,1480472705,1480472700,0,0,0,3.837,1029.3,16.3,20,21,22,22
225951,3,1480473005,1480473000,0,0,0,3.837,1029.3,16.2,20.1,17,21,24
225971,3,1480473305,1480473300,0,0,0,3.835,1029.3,16.2,20,16,18,18
225991,3,1480473605,1480473600,0,0,0,3.834,1029.3,16.3,20,19,20,20
226011,3,1480473905,1480473900,0,0,0,3.829,1029.2,16.3,20,18,22,22
226030,3,1480474205,1480474200,0,0,0,3.83,1029.3,16.3,20,20,23,25
226055,3,1480474505,1480474500,0,0,0,3.828,1029.2,16.3,20,17,20,20
226075,3,1480474805,1480474800,0,0,0,3.83,1029.1,16.3,19.9,21,23,24
226095,3,1480475105,1480475100,0,0,0,3.827,1029.2,16.3,19.9,17,20,21
226113,3,1480475405,1480475400,0,0,0,3.826,1029.1,16.2,20,17,20,22
226134,3,1480475705,1480475700,0,0,0,3.824,1029.1,16.3,19.9,15,18,18
226154,3,1480476005,1480476000,0,0,0,3.823,1029,16.3,19.9,19,20,22
226173,3,1480476305,1480476300,0,0,0,3.821,1028.9,16.3,19.9,20,22,22
226193,3,1480476605,1480476600,0,0,0,3.821,1028.7,16.3,19.8,16,22,23
226215,3,1480476905,1480476900,0,0,0,3.82,1028.6,16.4,19.9,18,22,23
226238,3,1480477205,1480477200,0,0,0,3.82,1028.5,16.3,19.9,16,17,17
226258,3,1480477505,1480477500,0,0,0,3.82,1028.5,16.2,19.9,16,18,18
226277,3,1480477805,1480477800,0,0,0,3.818,1028.5,16.2,19.9,15,19,21
226316,3,1480478405,1480478100,0,0,0,3.817,1028.4,16.3,19.9,18,20,22
226315,3,1480478405,1480478400,0,0,0,3.815,1028.3,16.2,19.9,16,19,19
226336,3,1480478705,1480478700,0,0,0,3.814,1028.3,16.2,20,21,24,28
226355,3,1480479005,1480479000,0,0,0,3.814,1028.2,16.1,20,18,19,20
226374,3,1480479305,1480479300,0,0,0,3.812,1028.1,16.1,20,18,21,22
226398,3,1480479605,1480479600,0,0,0,3.809,1028.1,16.1,19.9,18,18,19
226419,3,1480479905,1480479900,0,0,0,3.81,1028.1,16.1,20,15,17,17
226439,3,1480480205,1480480200,0,0,0,3.81,1028.1,16,20,18,23,25
226460,3,1480480505,1480480500,0,0,0,3.806,1028.2,16,20,18,21,23
226480,3,1480480805,1480480800,0,0,0,3.805,1028.4,16,20,17,18,21
226500,3,1480481105,1480481100,0,0,0,3.804,1028.4,15.9,20,19,22,23
226519,3,1480481405,1480481400,0,0,0,3.802,1028.3,15.9,20,14,15,16
226539,3,1480481705,1480481700,0,0,0,3.801,1028.5,15.9,20,17,21,22
226558,3,1480482005,1480482000,0,0,0,3.801,1028.7,15.9,20,17,21,21
226583,3,1480482305,1480482300,0,0,0,3.798,1028.8,15.9,20,18,20,20
226603,3,1480482605,1480482600,0,0,0,3.797,1028.9,15.9,20,14,16,17
226623,3,1480482905,1480482900,0,0,0,3.798,1028.7,16,20,16,19,19
226643,3,1480483205,1480483200,0,0,0,3.794,1028.7,15.9,20,18,22,22
226663,3,1480483505,1480483500,0,0,0,3.792,1029,16,20,17,21,24
226683,3,1480483805,1480483800,0,0,0,3.79,1029.1,15.8,20,17,23,23
226703,3,1480484105,1480484100,0,0,0,3.791,1028.8,15.9,20,17,20,20
226722,3,1480484405,1480484400,0,0,0,3.79,1028.6,15.8,20,17,21,24
226748,3,1480484705,1480484700,0,0,0,3.79,1028.6,15.9,20,14,17,17
226768,3,1480485005,1480485000,0,0,0,3.789,1028.6,15.8,20,14,15,15
226788,3,1480485305,1480485300,0,0,0,3.788,1028.6,15.8,20,17,19,20
226807,3,1480485605,1480485600,0,0,0,3.788,1028.5,15.8,20.1,19,24,25
226847,3,1480486205,1480485900,0,0,0,3.787,1028.3,15.8,20.1,16,19,22
226846,3,1480486205,1480486200,0,0,0,3.78,1028.1,15.8,20,17,21,22
226866,3,1480486505,1480486500,0,0,0,3.782,1028.1,15.7,20.1,17,20,20
226886,3,1480486805,1480486800,0,0,0,3.782,1028.1,15.8,20.1,17,19,20
226906,3,1480487105,1480487100,0,0,0,3.78,1028.2,15.8,20.1,16,17,19
226951,3,1480487705,1480487400,0,0,0,3.78,1028.2,15.8,20.1,16,19,19
226950,3,1480487705,1480487700,0,0,0,3.781,1028.4,15.8,20.1,20,22,23
226971,3,1480488005,1480488000,0,0,0,3.777,1028.6,15.7,20.1,18,19,20
226991,3,1480488305,1480488300,0,0,0,3.777,1028.5,15.8,20.1,14,16,16
227010,3,1480488605,1480488600,0,0,0,3.776,1028.6,15.7,20.1,21,23,24
227030,3,1480488905,1480488900,0,0,0,3.774,1028.7,15.7,20.1,17,22,23
227048,3,1480489205,1480489200,0,0,0,3.773,1028.9,15.7,20.1,13,17,22
227068,3,1480489505,1480489500,0,0,0,3.774,1029.1,15.8,20.1,16,18,18
227095,3,1480489805,1480489800,0,0,0,3.773,1029.2,15.7,20.1,15,17,17
227113,3,1480490105,1480490100,0,0,0,3.771,1029.2,15.7,20.1,16,19,20
227132,3,1480490405,1480490400,0,0,0,3.771,1029.4,15.7,20.1,16,19,20
227152,3,1480490705,1480490700,0,0,0,3.768,1029.5,15.7,20.2,16,18,20
227171,3,1480491005,1480491000,0,0,0,3.768,1029.6,15.7,20.2,21,25,25
227192,3,1480491305,1480491300,0,0,0,3.764,1029.7,15.8,20.1,23,26,30
227211,3,1480491605,1480491600,0,0,0,3.763,1029.8,15.8,20.1,18,22,22
227231,3,1480491905,1480491900,0,0,0,3.763,1029.9,15.8,20.1,18,22,23
227252,3,1480492205,1480492200,0,0,0,3.762,1030.1,15.8,20.1,16,18,19
227276,3,1480492505,1480492500,0,0,0,3.763,1030.1,15.8,20.1,22,24,25
227296,3,1480492805,1480492800,0,0,0,3.762,1030.1,15.8,20.1,18,21,21
227316,3,1480493105,1480493100,0,0,0,3.761,1030.1,15.8,20.2,23,25,26
227336,3,1480493405,1480493400,0,0,0,3.761,1030.2,15.9,20.2,19,22,22
227356,3,1480493705,1480493700,0,0,0,3.762,1030.2,15.9,20.1,21,25,26
227375,3,1480494005,1480494000,0,0,0,3.76,1030.2,15.9,20.1,23,28,30
227394,3,1480494305,1480494300,0,0,0,3.759,1030.2,15.9,20.2,24,28,28
227415,3,1480494605,1480494600,0,0,0,3.759,1030.2,15.8,20.1,24,30,32
227441,3,1480494905,1480494900,0,0,0,3.756,1030.2,15.8,20.2,25,29,29
227461,3,1480495205,1480495200,0,0,0,3.756,1030.2,15.8,20.2,24,28,29
227479,3,1480495505,1480495500,0,0,0,3.757,1030.1,15.8,20.2,23,25,25
227499,3,1480495805,1480495800,0,0,0,3.756,1030.1,15.7,20.2,24,31,31
227519,3,1480496105,1480496100,0,0,0,3.753,1030.1,15.7,20.2,25,29,31
227537,3,1480496405,1480496400,0,0,0,3.755,1030.2,15.7,20.2,24,27,32
227557,3,1480496705,1480496700,0,0,0,3.753,1030.2,15.7,20.2,24,27,27
227575,3,1480497005,1480497000,0,0,0,3.751,1030.2,15.7,20.2,25,28,28
227597,3,1480497305,1480497300,0,0,0,3.751,1030.3,15.6,20.3,23,26,27
227619,3,1480497605,1480497600,0,0,0,3.75,1030.5,15.6,20.3,25,30,36
227640,3,1480497905,1480497900,0,0,0,3.751,1030.5,15.6,20.3,20,22,22
227660,3,1480498205,1480498200,0,0,0,3.748,1030.5,15.5,20.3,25,27,34
227680,3,1480498505,1480498500,0,0,0,3.748,1030.5,15.5,20.4,22,24,25
227700,3,1480498805,1480498800,0,0,0,3.75,1030.6,15.4,20.3,23,25,28
227720,3,1480499105,1480499100,0,0,0,3.749,1030.7,15.4,20.4,21,25,26
227742,3,1480499405,1480499400,0,0,0,3.748,1030.6,15.5,20.4,25,28,30
227762,3,1480499705,1480499700,0,0,0,3.747,1030.7,15.5,20.4,21,26,28
227787,3,1480500005,1480500000,0,0,0,3.747,1030.7,15.5,20.4,22,25,28
227807,3,1480500305,1480500300,0,0,0,3.747,1030.7,15.4,20.4,24,29,30
227827,3,1480500605,1480500600,0,0,0,3.747,1030.7,15.4,20.4,22,26,27
227865,3,1480501205,1480500900,0,0,0,3.746,1030.7,15.5,20.4,26,32,35
227864,3,1480501205,1480501200,0,0,0,3.745,1030.6,15.5,20.4,24,29,30
227885,3,1480501505,1480501500,0,0,0,3.742,1030.6,15.5,20.4,18,23,25
227905,3,1480501805,1480501800,0,0,0,3.743,1030.5,15.4,20.4,26,32,32
227925,3,1480502105,1480502100,0,0,0,3.74,1030.4,15.4,20.4,23,30,30
227933,3,1480502405,1480502400,0,0,0,3.743,1030.3,15.4,20.4,25,29,29
227949,3,1480502705,1480502700,0,0,0,3.742,1030.3,15.4,20.4,25,31,32
227957,3,1480503005,1480503000,0,0,0,3.738,1030.2,15.3,20.5,28,32,32
227959,3,1480503305,1480503300,0,0,0,3.736,1030.3,15.4,20.5,26,32,33
227961,3,1480503605,1480503600,0,0,0,3.738,1030.3,15.4,20.4,26,29,31
227963,3,1480503905,1480503900,0,0,0,3.738,1030.2,15.5,20.4,23,27,28
228023,3,1480504205,1480504200,0,0,0,3.737,1030.2,15.5,20.4,28,34,35
228025,3,1480504505,1480504500,0,0,0,3.737,1030.1,15.5,20.5,29,33,34
228027,3,1480504805,1480504800,0,0,0,3.738,1030.1,15.5,20.5,28,32,33
228029,3,1480505105,1480505100,0,0,0,3.738,1030,15.6,20.5,29,33,34
228031,3,1480505405,1480505400,0,0,0,3.738,1029.9,15.6,20.5,24,29,35
228033,3,1480505705,1480505700,0,0,0,3.735,1029.9,15.7,20.5,28,34,35
228035,3,1480506005,1480506000,0,0,0,3.736,1029.9,16.3,20.5,25,29,31
228037,3,1480506305,1480506300,0,0,0,3.733,1029.9,16.4,20.6,26,33,35
228039,3,1480506605,1480506600,0,0,0,3.73,1029.8,16.1,20.7,27,32,32
228041,3,1480506905,1480506900,0,0,0,3.731,1029.6,16.4,20.7,26,32,34
228043,3,1480507205,1480507200,0,0,0,3.732,1029.6,16.4,20.9,26,31,33
228045,3,1480507505,1480507500,0,0,0,3.733,1029.5,16.3,20.9,29,37,42
228167,3,1480507805,1480507800,0,0,0,3.731,1029.5,16.2,20.9,27,31,32
228174,3,1480508105,1480508100,0,0,0,3.731,1029.6,16.3,21.1,25,29,30
228176,3,1480508405,1480508400,0,0,0,3.732,1029.6,16.3,21.3,25,30,32
228178,3,1480508705,1480508700,0,0,0,3.731,1029.5,16.7,21.4,26,32,33
228180,3,1480509005,1480509000,0,0,0,3.73,1029.5,16.6,21.4,26,30,35
228182,3,1480509305,1480509300,0,0,0,3.727,1029.3,16.4,21.3,27,30,33
228184,3,1480509605,1480509600,0,0,0,3.726,1029.3,16.2,21.3,27,34,37
228186,3,1480509905,1480509900,0,0,0,3.724,1029.3,16.1,21.3,28,37,38
228189,3,1480510205,1480510200,0,0,0,3.728,1029.4,15.9,21.3,27,32,34
228191,3,1480510505,1480510500,0,0,0,3.727,1029.3,15.9,21.3,27,32,33
228193,3,1480510805,1480510800,0,0,0,3.727,1029.3,15.7,21.3,26,29,32
228195,3,1480511105,1480511100,0,0,0,3.724,1029.3,15.8,21.3,25,29,32
228197,3,1480511405,1480511400,0,0,0,3.724,1029.2,15.7,21.4,30,34,36
228199,3,1480511705,1480511700,0,0,0,3.725,1029.3,15.6,21.3,26,33,33
228201,3,1480512005,1480512000,0,0,0,3.724,1029.2,15.7,21.3,25,29,29
228203,3,1480512305,1480512300,0,0,0,3.724,1029.1,15.7,21.3,25,31,31
228205,3,1480512605,1480512600,0,0,0,3.723,1029.1,15.6,21.3,26,31,31
228207,3,1480512905,1480512900,0,0,0,3.725,1029,15.6,21.3,24,28,29
228210,3,1480513205,1480513200,0,0,0,3.724,1029,15.6,21.3,24,26,26
228212,3,1480513505,1480513500,0,0,0,3.724,1028.9,15.7,21.3,24,31,32
228214,3,1480513805,1480513800,0,0,0,3.722,1028.8,15.6,21.2,28,34,34
228216,3,1480514105,1480514100,0,0,0,3.721,1028.8,15.5,21.3,25,28,29
228218,3,1480514405,1480514400,0,0,0,3.72,1028.9,15.5,21.3,29,37,38
228220,3,1480514705,1480514700,0,0,0,3.723,1028.8,15.5,21.2,27,34,34
228222,3,1480515005,1480515000,0,0,0,3.722,1028.7,15.5,21.1,29,34,38
228230,3,1480515305,1480515300,0,0,0,3.722,1028.6,15.6,21.1,31,38,38
228235,3,1480515605,1480515600,0,0,0,3.722,1028.5,15.7,21,26,31,35
228237,3,1480515905,1480515900,0,0,0,3.718,1028.5,15.6,21,27,34,35
228239,3,1480516205,1480516200,0,0,0,3.716,1028.6,15.6,21,30,37,40
228241,3,1480516505,1480516500,0,0,0,3.719,1028.5,15.6,20.9,32,37,38
228243,3,1480516805,1480516800,0,0,0,3.716,1028.6,15.6,20.9,27,32,32
228245,3,1480517105,1480517100,0,0,0,3.717,1028.6,15.7,20.9,26,35,39
228247,3,1480517405,1480517400,0,0,0,3.713,1028.7,15.7,20.9,27,30,34
228249,3,1480517705,1480517700,0,0,0,3.715,1028.5,15.7,20.9,26,30,31
228251,3,1480518005,1480518000,0,0,0,3.717,1028.5,15.6,20.9,30,38,39
228253,3,1480518305,1480518300,0,0,0,3.718,1028.6,15.6,20.9,29,34,34
228255,3,1480518605,1480518600,0,0,0,3.715,1028.6,15.7,20.9,27,34,39
228353,3,1480518905,1480518900,0,0,0,3.712,1028.6,15.8,20.9,29,36,38
228355,3,1480519205,1480519200,0,0,0,3.713,1028.4,15.8,20.9,29,32,32
228357,3,1480519505,1480519500,0,0,0,3.714,1028.4,15.7,20.9,29,36,37
228360,3,1480519805,1480519800,0,0,0,3.712,1028.3,15.7,20.9,31,42,47
228362,3,1480520105,1480520100,0,0,0,3.713,1028.4,15.8,20.9,31,41,46
228364,3,1480520405,1480520400,0,0,0,3.713,1028.4,15.8,20.9,32,40,44
228366,3,1480520705,1480520700,0,0,0,3.711,1028.5,15.8,20.9,33,44,47
228368,3,1480521005,1480521000,0,0,0,3.712,1028.5,15.8,20.8,31,39,39
228371,3,1480521305,1480521300,0,0,0,3.709,1028.5,15.9,20.8,30,34,42
228373,3,1480521605,1480521600,0,0,0,3.709,1028.6,15.9,20.8,30,36,42
228375,3,1480521905,1480521900,0,0,0,3.712,1028.5,15.9,20.8,30,39,41
228377,3,1480522205,1480522200,0,0,0,3.712,1028.5,15.9,20.8,28,34,36
228379,3,1480522505,1480522500,0,0,0,3.71,1028.4,15.9,20.8,28,33,35
228429,3,1480522805,1480522800,0,0,0,3.711,1028.4,15.9,20.8,31,38,39
228437,3,1480523105,1480523100,0,0,0,3.708,1028.5,15.9,20.8,30,34,35
228446,3,1480523405,1480523400,0,0,0,3.706,1028.6,15.9,20.8,28,32,35
228448,3,1480523705,1480523700,0,0,0,3.705,1028.7,15.9,20.9,28,34,34
228450,3,1480524005,1480524000,0,0,0,3.706,1028.8,15.9,20.8,32,39,44
228464,3,1480524305,1480524300,0,0,0,3.704,1028.9,15.9,20.9,31,36,38
228472,3,1480524605,1480524600,0,0,0,3.705,1028.9,15.9,20.8,32,41,43
228480,3,1480524905,1480524900,0,0,0,3.704,1028.8,15.8,20.9,31,37,43
228500,3,1480525205,1480525200,0,0,0,3.71,1028.7,15.8,20.9,34,42,46
228514,3,1480525505,1480525500,0,0,0,3.707,1028.7,15.8,20.9,32,41,42
228523,3,1480525805,1480525800,0,0,0,3.706,1028.8,15.7,20.9,33,40,49
228525,3,1480526105,1480526100,0,0,0,3.704,1028.8,15.7,20.9,30,37,44
228527,3,1480526405,1480526400,0,0,0,3.703,1028.7,16,20.9,29,37,40
228529,3,1480526705,1480526700,0,0,0,3.705,1028.7,16.3,20.9,34,42,45
228531,3,1480527005,1480527000,0,0,0,3.705,1028.7,16.5,21.1,31,39,40
228533,3,1480527305,1480527300,0,0,0,3.705,1028.9,17.4,21.3,33,42,48
228535,3,1480527605,1480527600,0,0,0,3.703,1028.8,17.4,21.5,33,44,50
228537,3,1480527905,1480527900,0,0,0,3.701,1028.7,17.8,21.5,28,35,35
228539,3,1480528206,1480528200,0,0,0,3.702,1028.6,18.6,21.5,32,40,47
228544,3,1480528805,1480528500,0,0,0,3.703,1028.7,19.3,21.7,31,42,49
228543,3,1480528805,1480528800,0,0,0,3.704,1028.7,18.9,21.8,32,40,48
228629,3,1480529105,1480529100,0,0,0,3.703,1028.7,19,21.8,31,39,43
228637,3,1480529405,1480529400,0,0,0,3.703,1028.8,19.3,21.8,32,41,43
228645,3,1480529705,1480529700,0,0,0,3.703,1028.8,19.3,22,32,42,46
228652,3,1480530005,1480530000,0,0,0,3.7,1028.8,19.1,22,33,39,43
228661,3,1480530305,1480530300,0,0,0,3.704,1028.9,19.4,21.9,31,42,45
228669,3,1480530605,1480530600,0,0,0,3.704,1028.9,18.9,21.8,32,41,45
228677,3,1480530905,1480530900,0,0,0,3.701,1028.9,18.8,21.8,34,42,45
228685,3,1480531205,1480531200,0,0,0,3.701,1028.9,18.7,21.9,33,41,46
228693,3,1480531505,1480531500,0,0,0,3.699,1028.9,18.7,21.9,31,38,41
228701,3,1480531805,1480531800,0,0,0,3.7,1028.8,18.6,22,32,39,44
228709,3,1480532105,1480532100,0,0,0,3.697,1028.7,18.4,21.9,30,40,44
228723,3,1480532405,1480532400,0,0,0,3.699,1028.7,18.3,21.9,33,41,50
228725,3,1480532705,1480532700,0,0,0,3.697,1028.7,18.6,22.2,32,40,47
228738,3,1480533005,1480533000,0,0,0,3.697,1028.7,18.6,22.2,34,43,47
228746,3,1480533305,1480533300,0,0,0,3.695,1028.6,18.8,22.1,33,45,49
228754,3,1480533605,1480533600,0,0,0,3.698,1028.6,18.5,22.1,33,40,43
228756,3,1480533905,1480533900,0,0,0,3.698,1028.6,18.3,22.3,33,44,49
228758,3,1480534205,1480534200,0,0,0,3.698,1028.6,18.3,22.3,34,43,49
228760,3,1480534505,1480534500,0,0,0,3.697,1028.6,18.2,22.3,34,44,53
228762,3,1480534805,1480534800,0,0,0,3.696,1028.6,18.3,22.3,33,42,47
228764,3,1480535105,1480535100,0,0,0,3.696,1028.6,18.3,22.2,32,41,47
228766,3,1480535405,1480535400,0,0,0,3.694,1028.6,18.4,22.2,31,39,47
228768,3,1480535705,1480535700,0,0,0,3.693,1028.5,18.5,22.1,35,43,47
228770,3,1480536005,1480536000,0,0,0,3.693,1028.5,18.6,22.1,34,42,48
228773,3,1480536305,1480536300,0,0,0,3.696,1028.5,18.6,22.1,32,42,49
228775,3,1480536604,1480536600,0,0,0,3.698,1028.6,18.4,22.1,35,45,50
228776,3,1480536905,1480536900,0,0,0,3.697,1028.6,18.3,22.1,35,45,51
228779,3,1480537205,1480537200,0,0,0,3.692,1028.8,18.2,22.1,33,45,53
228781,3,1480537505,1480537500,0,0,0,3.695,1028.8,18.4,22.2,33,40,43
228783,3,1480537805,1480537800,0,0,0,3.694,1028.8,18.2,22.1,35,46,53
228785,3,1480538105,1480538100,0,0,0,3.693,1028.8,18.1,22.2,33,43,48
228793,3,1480538405,1480538400,0,0,0,3.694,1028.8,17.9,22.3,33,44,51
224553,10,1480452308,1480452300,14.077587,100.613045,-3,4.24,1011.9,60.7,30.7,27,37,43
224573,10,1480452609,1480452600,14.07754,100.612999,-3,4.253,1011.9,60.6,30.8,25,30,35
224593,10,1480452909,1480452900,14.077621,100.613037,-3,4.216,1011.9,60.5,30.8,27,36,41
224613,10,1480453209,1480453200,14.077573,100.613045,-3,4.195,1011.9,60.4,30.7,25,33,38
224633,10,1480453509,1480453500,14.0776,100.613014,-3,4.171,1011.8,60.4,30.7,26,34,37
224659,10,1480453809,1480453800,14.077643,100.61306,-3,4.159,1011.8,60.5,30.7,24,33,38
224679,10,1480454109,1480454100,14.077607,100.612976,-3,4.146,1011.9,60.6,30.6,27,37,43
224698,10,1480454409,1480454400,14.077574,100.612999,-3,4.143,1011.9,60.6,30.6,25,35,40
224718,10,1480454709,1480454700,14.077572,100.612953,-3,4.155,1011.9,60.7,30.6,26,37,43
224738,10,1480455009,1480455000,14.077577,100.613022,-3,4.207,1011.8,60.9,30.6,27,37,42
224758,10,1480455309,1480455300,14.077569,100.613045,-3,4.236,1011.9,61,30.6,25,34,37
224778,10,1480455609,1480455600,14.077635,100.612946,-3,4.252,1011.9,60.9,30.6,26,33,39
224797,10,1480455909,1480455900,14.077592,100.613007,-3,4.224,1012,60.8,30.6,24,34,40
224823,10,1480456209,1480456200,14.077579,100.613022,-3,4.192,1012,60.6,30.7,25,36,41
224841,10,1480456513,1480456500,14.077596,100.613022,-3,4.175,1012.1,60.5,30.6,25,35,40
224860,10,1480456809,1480456800,14.077585,100.613014,-3,4.163,1012.1,60.6,30.5,25,33,38
224880,10,1480457108,1480457100,14.077599,100.613022,-3,4.169,1012.2,60.7,30.5,27,37,44
224898,10,1480457409,1480457400,14.077547,100.613007,-3,4.219,1012.2,61,30.5,24,32,35
224918,10,1480457708,1480457700,14.077589,100.612999,-3,4.244,1012.3,61,30.5,26,36,42
224937,10,1480458009,1480458000,14.077601,100.613014,-3,4.253,1012.3,61,30.5,27,34,38
224957,10,1480458609,1480458300,14.077601,100.613014,-3,4.212,1012.3,60.9,30.6,23,31,33
224977,10,1480458609,1480458600,14.077591,100.612984,-3,4.19,1012.3,60.8,30.5,25,31,34
225002,10,1480458908,1480458900,14.077578,100.612999,-3,4.173,1012.3,60.8,30.5,23,33,39
225021,10,1480459209,1480459200,14.077605,100.612976,-3,4.158,1012.5,60.9,30.5,27,36,40
225041,10,1480459509,1480459500,14.077676,100.612999,-3,4.169,1012.5,61,30.4,24,32,37
225061,10,1480459809,1480459800,14.077713,100.6129,-3,4.222,1012.5,61.2,30.4,24,33,37
225080,10,1480460109,1480460100,14.077575,100.612999,-3,4.243,1012.6,61.3,30.4,23,30,35
225100,10,1480460409,1480460400,14.077649,100.612961,-3,4.253,1012.8,61.3,30.4,24,32,35
225120,10,1480460709,1480460700,14.077631,100.612976,-3,4.215,1012.8,61.2,30.5,26,33,41
225140,10,1480461009,1480461000,14.07768,100.612923,-3,4.188,1013,61.1,30.4,25,35,41
225165,10,1480461308,1480461300,14.077649,100.612961,-3,4.165,1013.1,61.2,30.4,23,32,35
225184,10,1480461609,1480461600,14.077752,100.612938,-3,4.15,1013.2,61.3,30.3,25,34,43
225204,10,1480461909,1480461900,14.077614,100.612976,-3,4.165,1013.2,61.4,30.3,24,31,34
225223,10,1480462209,1480462200,14.07762,100.613022,-3,4.218,1013.4,61.6,30.3,26,36,42
225242,10,1480462509,1480462500,14.077581,100.61306,-3,4.243,1013.5,61.7,30.3,25,34,37
225262,10,1480462809,1480462800,14.07761,100.612991,-3,4.252,1013.6,61.7,30.3,24,34,38
225282,10,1480463109,1480463100,14.077567,100.613045,-3,4.215,1013.7,61.5,30.3,23,32,34
225302,10,1480463709,1480463400,14.077662,100.613174,-3,4.194,1013.8,61.4,30.3,25,37,44
225321,10,1480463709,1480463700,14.077596,100.613022,-3,4.176,1013.8,61.4,30.3,23,31,32
225347,10,1480464009,1480464000,14.0776,100.613007,-3,4.158,1013.9,61.4,30.3,23,30,35
225367,10,1480464308,1480464300,14.077641,100.613159,-3,4.166,1014.1,61.3,30.2,25,33,38
225386,10,1480464608,1480464600,14.077574,100.613045,-3,4.215,1014.2,61.2,30.2,21,29,36
225405,10,1480464909,1480464900,14.077581,100.613029,-3,4.243,1014.2,60.8,30.2,27,35,40
225425,10,1480465209,1480465200,14.077647,100.612999,-3,4.228,1014.3,60.5,30.3,23,29,30
225444,10,1480465508,1480465500,14.077555,100.613068,-3,4.191,1014.5,60.3,30.3,24,33,37
225464,10,1480465809,1480465800,14.077552,100.61319,-3,4.173,1014.6,59.8,30.2,21,27,27
225484,10,1480466109,1480466100,14.077621,100.613075,-3,4.177,1014.7,59.6,30.1,23,33,40
225504,10,1480466409,1480466400,14.077577,100.612999,-3,4.224,1014.7,60,30.1,22,28,28
225529,10,1480466709,1480466700,14.077665,100.613091,-3,4.243,1014.9,60.4,30.1,23,30,32
225548,10,1480467009,1480467000,14.07767,100.613083,-3,4.221,1015,60.7,30.2,22,28,31
225568,10,1480467309,1480467300,14.077613,100.613045,-3,4.191,1015.1,60.7,30.1,21,26,26
225587,10,1480467609,1480467600,14.077579,100.612976,-3,4.171,1015.1,60.9,30.1,22,27,28
225606,10,1480467908,1480467900,14.077662,100.61306,-3,4.155,1015.2,61.1,30.1,22,28,29
225626,10,1480468511,1480468200,14.077589,100.613022,-3,4.166,1015.3,61.2,30,23,31,35
225645,10,1480468511,1480468500,14.077659,100.612991,-3,4.217,1015.4,61.6,30,21,28,28
225666,10,1480468808,1480468800,14.077712,100.612961,-3,4.233,1015.4,61.8,30,22,27,27
225691,10,1480469109,1480469100,14.077574,100.613075,-3,4.231,1015.5,61.8,30.1,23,31,35
225710,10,1480469409,1480469400,14.077687,100.613022,-3,4.2,1015.5,61.8,30.1,22,27,29
225730,10,1480469708,1480469700,14.07771,100.613098,-3,4.182,1015.6,61.9,30.1,20,28,33
225750,10,1480470009,1480470000,14.077661,100.612991,-3,4.166,1015.7,62.1,30,22,30,32
225770,10,1480470309,1480470300,14.077625,100.612991,-3,4.157,1015.9,62.3,30,21,27,28
225790,10,1480470609,1480470600,14.077627,100.612968,-3,4.213,1015.9,62.6,30,16,19,20
225810,10,1480470908,1480470900,14.07758,100.613014,-3,4.239,1016,62.8,30,18,24,24
225830,10,1480471209,1480471200,14.077565,100.612999,-3,4.23,1016.1,62.9,30.1,19,24,25
225849,10,1480471510,1480471500,14.0776,100.612961,-3,4.203,1016.1,62.9,30.1,19,27,29
225875,10,1480471809,1480471800,14.077639,100.613007,-3,4.184,1016.2,62.8,30.1,19,27,27
225895,10,1480472109,1480472100,14.077463,100.613113,-3,4.16,1016.2,63.1,30.1,19,25,26
225914,10,1480472408,1480472400,14.077585,100.613029,-3,4.148,1016.3,63.2,30.1,21,26,27
225933,10,1480472711,1480472700,14.077631,100.612946,-3,4.16,1016.3,63.4,30.1,21,28,30
225952,10,1480473009,1480473000,14.077608,100.612961,-3,4.217,1016.3,63.7,30.1,20,25,26
225972,10,1480473309,1480473300,14.077639,100.612961,-3,4.242,1016.3,63.9,30.1,21,29,30
225992,10,1480473609,1480473600,14.077594,100.612991,-3,4.256,1016.3,63.9,30.2,18,23,23
226012,10,1480473908,1480473900,14.077623,100.612968,-3,4.215,1016.3,63.8,30.3,20,27,29
226031,10,1480474209,1480474200,14.077635,100.613007,-3,4.182,1016.3,63.8,30.3,23,29,33
226056,10,1480474509,1480474500,14.077617,100.613014,-3,4.165,1016.3,63.9,30.3,21,27,29
226076,10,1480474811,1480474800,14.077564,100.612976,-3,4.174,1016.4,64,30.3,18,23,23
226115,10,1480475409,1480475100,14.077574,100.612999,-3,4.222,1016.3,64.3,30.3,19,22,23
226114,10,1480475409,1480475400,14.077586,100.612984,-3,4.244,1016.3,64.5,30.4,19,25,26
226135,10,1480475709,1480475700,14.077628,100.612991,-3,4.222,1016.3,64.5,30.4,18,23,24
226155,10,1480476010,1480476000,14.077558,100.613037,-3,4.194,1016.3,64.3,30.5,19,23,26
226174,10,1480476309,1480476300,14.077635,100.612938,-3,4.173,1016.3,64.3,30.5,19,25,25
226194,10,1480476608,1480476600,14.077631,100.612999,-3,4.162,1016.3,64.3,30.5,20,27,29
226219,10,1480476908,1480476900,14.077629,100.612999,-3,4.171,1016.3,64.4,30.5,18,20,20
226239,10,1480477208,1480477200,14.077615,100.613029,-3,4.219,1016.2,64.7,30.5,18,22,23
226259,10,1480477509,1480477500,14.077625,100.612999,-3,4.24,1016.2,64.7,30.6,18,22,22
226278,10,1480477809,1480477800,14.07761,100.612991,-3,4.228,1016.1,64.6,30.7,16,22,23
226296,10,1480478109,1480478100,14.077621,100.612999,-3,4.2,1016,64.4,30.8,18,22,23
226317,10,1480478409,1480478400,14.077627,100.612976,-3,4.177,1016,64.3,30.8,18,26,30
226337,10,1480478709,1480478700,14.077627,100.613007,-3,4.16,1015.9,64.4,30.9,18,23,23
226356,10,1480479009,1480479000,14.077672,100.613037,-3,4.151,1015.8,64.4,30.8,16,20,21
226400,10,1480479609,1480479300,14.077656,100.612999,-3,4.164,1015.7,64.4,30.9,16,20,21
226399,10,1480479609,1480479600,14.077624,100.613037,-3,4.215,1015.7,64.5,30.9,16,21,21
226420,10,1480480209,1480479900,14.077657,100.613052,-3,4.244,1015.6,64.6,31,20,24,27
226440,10,1480480209,1480480200,14.077633,100.613037,-3,4.253,1015.6,64.3,31.2,18,25,26
226461,10,1480480509,1480480500,14.077604,100.613052,-3,4.215,1015.6,64.1,31.2,14,19,21
226481,10,1480480809,1480480800,14.077598,100.612999,-3,4.187,1015.4,63.8,31.3,18,25,26
226501,10,1480481109,1480481100,14.077591,100.612984,-3,4.164,1015.3,63.5,31.4,17,23,26
226520,10,1480481409,1480481400,14.077597,100.613029,-3,4.155,1015.3,63.5,31.4,18,23,23
226540,10,1480481709,1480481700,14.077585,100.613029,-3,4.144,1015.2,63.4,31.4,17,20,20
226565,10,1480482012,1480482000,14.077729,100.613022,-3,4.162,1015.1,63.3,31.4,17,22,23
226584,10,1480482309,1480482300,14.077662,100.613007,-3,4.213,1014.9,63.4,31.5,16,20,22
226604,10,1480482609,1480482600,14.077543,100.613129,-3,4.236,1014.8,63.2,31.6,19,23,25
226624,10,1480482909,1480482900,14.077573,100.612999,-3,4.247,1014.7,63,31.7,17,22,24
226644,10,1480483209,1480483200,14.077563,100.612961,-3,4.217,1014.6,62.6,31.8,17,21,24
226664,10,1480483509,1480483500,14.077554,100.612968,-3,4.189,1014.5,62.2,31.9,17,22,23
226684,10,1480483810,1480483800,14.077716,100.612953,-3,4.172,1014.4,62.1,32,20,27,29
226704,10,1480484109,1480484100,14.07757,100.613014,-3,4.162,1014.3,62,32,15,20,21
226723,10,1480484409,1480484400,14.0776,100.613022,-3,4.153,1014.2,61.7,32,20,23,23
226749,10,1480484709,1480484700,14.077546,100.612991,-3,4.164,1014.1,61.6,32.1,19,21,21
226769,10,1480485008,1480485000,14.077584,100.613075,-3,4.216,1014.1,61.6,32.1,17,22,24
226789,10,1480485309,1480485300,14.077565,100.613014,-3,4.243,1014.1,61.5,32.2,18,23,24
226808,10,1480485609,1480485600,14.077553,100.612984,-3,4.249,1013.9,61.2,32.3,19,24,27
226827,10,1480485909,1480485900,14.077579,100.61306,-3,4.219,1013.7,60.8,32.4,17,23,25
226848,10,1480486209,1480486200,14.077527,100.613045,-3,4.194,1013.6,60.4,32.5,18,20,20
226867,10,1480486509,1480486500,14.077584,100.612968,-3,4.166,1013.6,60.2,32.6,17,22,23
226887,10,1480486809,1480486800,14.0776,100.612976,-3,4.156,1013.4,60.1,32.6,16,20,22
226911,10,1480487109,1480487100,14.077605,100.612999,-3,4.148,1013.2,60,32.6,15,21,25
226931,10,1480487409,1480487400,14.077539,100.613068,-3,4.161,1013.1,59.9,32.6,16,21,22
226952,10,1480487709,1480487700,14.077624,100.612976,-3,4.214,1013,59.9,32.7,14,18,20
226972,10,1480488009,1480488000,14.077534,100.613075,-3,4.238,1013,59.7,32.8,17,23,26
226992,10,1480488309,1480488300,14.077608,100.612991,-3,4.25,1012.9,59.4,32.9,11,15,16
227011,10,1480488609,1480488600,14.077526,100.613022,-3,4.232,1012.8,59.1,33,17,22,24
227031,10,1480488912,1480488900,14.07758,100.612991,-3,4.201,1012.7,58.8,33.1,17,20,21
227049,10,1480489509,1480489200,14.077588,100.613022,-3,4.179,1012.7,58.5,33.1,14,17,18
227069,10,1480489509,1480489500,14.077565,100.613045,-3,4.168,1012.7,58.4,33.1,16,18,19
227096,10,1480489809,1480489800,14.07761,100.61306,-3,4.154,1012.6,58.2,33.1,14,21,24
227114,10,1480490109,1480490100,14.077641,100.613014,-3,4.164,1012.5,58.1,33.2,17,22,22
227133,10,1480490408,1480490400,14.077612,100.612999,-3,4.216,1012.4,58.1,33.2,16,19,19
227173,10,1480491009,1480490700,14.077612,100.613014,-3,4.243,1012.4,58.1,33.3,17,22,23
227172,10,1480491009,1480491000,14.077585,100.612984,-3,4.251,1012.3,57.8,33.4,18,23,25
227193,10,1480491309,1480491300,14.077575,100.612999,-3,4.222,1012.2,57.5,33.5,20,25,26
227212,10,1480491609,1480491600,14.077623,100.613022,-3,4.199,1012.2,57.1,33.5,18,23,23
227257,10,1480492209,1480491900,14.077556,100.612961,-3,4.18,1012.1,57,33.5,20,23,23
227256,10,1480492209,1480492200,14.077593,100.612991,-3,4.165,1012.1,56.9,33.5,17,21,21
227277,10,1480492508,1480492500,14.077629,100.613007,-3,4.151,1012.1,56.7,33.5,18,21,22
227297,10,1480492809,1480492800,14.077607,100.613022,-3,4.166,1012,56.7,33.6,18,24,25
227317,10,1480493109,1480493100,14.077597,100.612946,-3,4.216,1012,56.7,33.6,19,24,26
227337,10,1480493409,1480493400,14.077615,100.612991,-3,4.239,1012,56.5,33.6,17,21,23
227357,10,1480493709,1480493700,14.077595,100.612984,-3,4.252,1011.9,56.2,33.7,19,22,22
227396,10,1480494309,1480494000,14.077604,100.613037,-3,4.227,1011.9,55.8,33.8,21,28,29
227395,10,1480494309,1480494300,14.077688,100.613014,-3,4.197,1011.9,55.3,33.8,18,21,23
227416,10,1480494609,1480494600,14.077663,100.612999,-3,4.176,1011.9,55.2,33.9,18,22,22
227442,10,1480494909,1480494900,14.07762,100.612984,-3,4.166,1011.8,55.1,33.8,17,22,22
227462,10,1480495209,1480495200,14.077608,100.613022,-3,4.154,1011.9,55.1,33.8,19,24,24
227480,10,1480495509,1480495500,14.077681,100.612968,-3,4.163,1011.8,55.1,33.8,20,26,31
227500,10,1480495809,1480495800,14.077575,100.613037,-3,4.217,1011.8,55.1,33.8,19,22,23
227520,10,1480496109,1480496100,14.077541,100.61293,-3,4.243,1011.9,55.2,33.9,18,26,28
227538,10,1480496409,1480496400,14.077586,100.613014,-3,4.256,1011.9,55.2,34,19,24,24
227558,10,1480496709,1480496700,14.077574,100.613022,-3,4.228,1012,55.2,34,17,19,19
227576,10,1480497009,1480497000,14.077544,100.613052,-3,4.204,1012,55.3,34.1,17,22,24
227601,10,1480497609,1480497300,14.07761,100.613045,-3,4.184,1012,55.3,34.1,18,21,22
227620,10,1480497609,1480497600,14.077567,100.612968,-3,4.166,1012,55.2,34,19,22,22
227641,10,1480497909,1480497900,14.077548,100.612999,-3,4.151,1011.9,55.2,34,17,18,20
227661,10,1480498209,1480498200,14.077571,100.612968,-3,4.146,1011.9,55.2,34,17,21,22
227681,10,1480498509,1480498500,14.07758,100.612953,-3,4.159,1011.9,55.2,34,21,28,30
227701,10,1480499114,1480498800,14.077604,100.612946,-3,4.214,1011.8,55.2,34,18,22,28
227721,10,1480499109,1480499100,14.077563,100.612961,-3,4.236,1011.9,55.2,34,18,21,23
227743,10,1480499409,1480499400,14.077547,100.613007,-3,4.253,1011.9,55.3,34.1,18,25,26
227768,10,1480499711,1480499700,14.077607,100.612968,-3,4.239,1012,55.3,34.1,16,19,20
227788,10,1480500309,1480500000,14.0776,100.61293,-3,4.214,1012.1,54.9,34.2,17,21,23
227808,10,1480500309,1480500300,14.07758,100.613007,-3,4.192,1012.1,54.7,34.1,18,24,24
227828,10,1480500609,1480500600,14.077634,100.612961,-3,4.176,1012.2,54.7,34.1,19,23,25
227847,10,1480500909,1480500900,14.077619,100.613022,-3,4.162,1012.2,54.8,34.1,20,26,29
227866,10,1480501209,1480501200,14.077555,100.612991,-3,4.152,1012.3,55.1,34,18,24,26
227886,10,1480501509,1480501500,14.077682,100.613022,-3,4.167,1012.3,55.1,34,18,23,23
227906,10,1480501809,1480501800,14.077611,100.612991,-3,4.217,1012.4,55.2,34,20,25,26
227926,10,1480502109,1480502100,14.077683,100.613029,-3,4.241,1012.5,55.2,34,19,22,25
227934,10,1480502412,1480502400,14.077584,100.612984,-3,4.25,1012.6,55.2,34.1,18,23,24
227950,10,1480502710,1480502700,14.07764,100.612946,-3,4.226,1012.6,55,34.1,18,23,23
227958,10,1480503009,1480503000,14.07763,100.61293,-3,4.203,1012.7,54.6,34,19,23,25
227960,10,1480503309,1480503300,14.07759,100.613029,-3,4.182,1012.7,54.5,34,20,24,25
227962,10,1480503609,1480503600,14.077616,100.612938,-3,4.165,1012.7,54.7,33.9,20,26,28
227964,10,1480503909,1480503900,14.077623,100.612968,-3,4.157,1012.8,54.8,33.9,20,25,25
228024,10,1480504209,1480504200,14.077624,100.612976,-3,4.167,1012.9,55,33.8,20,25,26
228026,10,1480504509,1480504500,14.07761,100.613098,-3,4.214,1012.9,55.1,33.8,21,27,31
228028,10,1480504809,1480504800,14.077622,100.613213,-3,4.24,1012.9,55.1,33.8,20,26,29
228030,10,1480505109,1480505100,14.077658,100.613029,-3,4.247,1012.9,55.1,33.8,21,28,30
228032,10,1480505409,1480505400,14.077635,100.61306,-3,4.22,1012.9,54.1,33.7,22,29,32
228034,10,1480505709,1480505700,14.077637,100.613014,-3,4.198,1012.9,52.9,33.6,22,30,37
228036,10,1480506009,1480506000,14.077606,100.613029,-3,4.184,1013,52.2,33.5,21,26,31
228038,10,1480506309,1480506300,14.077582,100.612991,-3,4.17,1013,51.9,33.4,23,28,28
228040,10,1480506609,1480506600,14.077585,100.613091,-3,4.155,1013,51.8,33.2,24,31,33
228042,10,1480506909,1480506900,14.077607,100.613037,-3,4.141,1013.1,51.7,33.1,25,34,39
228044,10,1480507209,1480507200,14.077659,100.612915,-3,4.159,1013.1,51.7,33,25,32,36
228046,10,1480507509,1480507500,14.077609,100.613045,-3,4.215,1013.1,51.9,33,27,36,42
228168,10,1480507809,1480507800,14.077629,100.613045,-3,4.236,1013.1,52,32.9,25,32,36
228175,10,1480508109,1480508100,14.077621,100.613075,-3,4.252,1013.2,52.1,32.9,27,34,38
228177,10,1480508409,1480508400,14.077655,100.613007,-3,4.235,1013.3,52.6,33,27,35,41
228179,10,1480508709,1480508700,14.077582,100.613022,-3,4.213,1013.4,53.2,33,27,35,41
228181,10,1480509010,1480509000,14.077551,100.613022,-3,4.195,1013.5,54,32.9,31,44,54
228183,10,1480509309,1480509300,14.07763,100.612984,-3,4.174,1013.5,54.5,32.9,31,40,48
228185,10,1480509909,1480509600,14.077575,100.613129,-3,4.164,1013.6,54.4,32.8,31,41,50
228187,10,1480509909,1480509900,14.077654,100.612976,-3,4.149,1013.7,54.4,32.8,31,41,53
228190,10,1480510209,1480510200,14.077618,100.613014,-3,4.16,1013.8,54.4,32.8,33,43,53
228192,10,1480510509,1480510500,14.077688,100.612999,-3,4.212,1013.8,54.9,32.8,33,44,55
228194,10,1480510809,1480510800,14.077632,100.612984,-3,4.235,1013.9,55.2,32.8,34,45,57
228196,10,1480511109,1480511100,14.077641,100.613022,-3,4.246,1013.9,55.4,32.9,35,47,57
228198,10,1480511409,1480511400,14.0776,100.612991,-3,4.233,1014,55.5,32.9,34,46,58
228200,10,1480511709,1480511700,14.077638,100.612991,-3,4.204,1014,55.4,32.9,37,49,61
228202,10,1480512009,1480512000,14.077658,100.612999,-3,4.182,1014,55.5,32.8,37,49,60
228204,10,1480512309,1480512300,14.077629,100.613083,-3,4.168,1014.2,55.7,32.8,36,47,58
228206,10,1480512909,1480512600,14.077631,100.612976,-3,4.155,1014.2,55.9,32.8,40,51,61
228208,10,1480512909,1480512900,14.077621,100.612968,-3,4.146,1014.2,56,32.7,42,55,69
228211,10,1480513209,1480513200,14.077569,100.613014,-3,4.162,1014.3,56.2,32.7,39,51,63
228213,10,1480513509,1480513500,14.077648,100.613007,-3,4.216,1014.4,56.5,32.7,38,49,60
228215,10,1480513809,1480513800,14.077638,100.612991,-3,4.241,1014.4,56.7,32.7,39,51,63
228217,10,1480514109,1480514100,14.077583,100.613007,-3,4.252,1014.5,56.6,32.7,42,56,68
228219,10,1480514409,1480514400,14.077622,100.612984,-3,4.232,1014.5,56.6,32.8,40,53,66
228221,10,1480515315,1480514700,14.077624,100.612984,-3,4.2,1014.5,56.5,32.8,35,47,58
228223,10,1480515309,1480515000,14.077513,100.612991,-3,4.184,1014.6,56.5,32.7,35,46,59
228231,10,1480515309,1480515300,14.077651,100.612915,-3,4.167,1014.7,56.6,32.7,39,49,60
228236,10,1480515609,1480515600,14.077616,100.612976,-3,4.149,1014.7,56.8,32.6,36,47,58
228238,10,1480515912,1480515900,14.077622,100.613045,-3,4.166,1014.8,56.9,32.5,40,50,62
228240,10,1480516209,1480516200,14.077643,100.612991,-3,4.219,1014.7,57.2,32.5,38,48,59
228242,10,1480516509,1480516500,14.077606,100.613014,-3,4.242,1014.8,57.3,32.6,37,48,58
228244,10,1480516809,1480516800,14.0776,100.612991,-3,4.252,1014.8,57.4,32.6,36,47,57
228246,10,1480517109,1480517100,14.077659,100.612976,-3,4.224,1014.8,57.3,32.6,35,45,57
228248,10,1480517409,1480517400,14.077597,100.612953,-3,4.196,1014.8,57.2,32.6,34,44,56
228250,10,1480517709,1480517700,14.077618,100.613014,-3,4.175,1014.9,57.3,32.6,32,46,56
228252,10,1480518009,1480518000,14.077592,100.613091,-3,4.162,1014.9,57.4,32.5,33,44,54
228254,10,1480518309,1480518300,14.07761,100.613045,-3,4.172,1015,57.5,32.4,34,45,55
228256,10,1480518609,1480518600,14.077663,100.612968,-3,4.219,1015,57.7,32.4,33,46,60
228354,10,1480518909,1480518900,14.077635,100.612976,-3,4.239,1014.9,57.8,32.4,35,45,56
228356,10,1480519509,1480519200,14.077656,100.612923,-3,4.249,1014.9,57.8,32.5,31,42,51
228358,10,1480519509,1480519500,14.077558,100.613007,-3,4.218,1014.9,57.7,32.5,31,42,52
228361,10,1480519809,1480519800,14.077599,100.613022,-3,4.195,1014.9,57.6,32.4,33,43,51
228363,10,1480520109,1480520100,14.077635,100.612961,-3,4.18,1014.9,57.7,32.4,30,41,49
228365,10,1480520409,1480520400,14.077657,100.612991,-3,4.164,1014.9,57.8,32.3,31,42,50
228367,10,1480521009,1480520700,14.077626,100.613037,-3,4.147,1014.9,57.9,32.3,31,41,48
228369,10,1480521009,1480521000,14.077627,100.613029,-3,4.164,1014.8,58,32.2,30,42,53
228372,10,1480521309,1480521300,14.077649,100.612961,-3,4.215,1014.8,58.1,32.2,29,38,45
228374,10,1480521609,1480521600,14.077644,100.613029,-3,4.238,1014.8,58.4,32.2,29,40,46
228376,10,1480521909,1480521900,14.07772,100.613052,-3,4.25,1014.8,58.3,32.3,30,40,46
228378,10,1480522209,1480522200,14.077642,100.612991,-3,4.224,1014.8,58.3,32.3,29,39,48
228380,10,1480522509,1480522500,14.077626,100.612999,-3,4.198,1014.8,58.2,32.3,30,42,51
228430,10,1480523109,1480522800,14.077648,100.612976,-3,4.178,1014.8,58.2,32.2,26,36,43
228438,10,1480523109,1480523100,14.077581,100.613083,-3,4.17,1014.7,58.3,32.2,31,42,49
228447,10,1480523409,1480523400,14.077618,100.613075,-3,4.176,1014.7,58.4,32.1,28,37,46
228449,10,1480523711,1480523700,14.077645,100.61306,-3,4.22,1014.7,58.6,32.1,29,39,46
228451,10,1480524009,1480524000,14.077616,100.613022,-3,4.244,1014.7,58.8,32.1,28,37,44
228465,10,1480524309,1480524300,14.077629,100.613106,-3,4.256,1014.7,58.7,32.1,28,37,43
228473,10,1480524609,1480524600,14.077644,100.613029,-3,4.218,1014.7,58.7,32.1,27,37,43
228481,10,1480524909,1480524900,14.077617,100.612923,-3,4.189,1014.7,58.6,32.1,29,38,44
228501,10,1480525209,1480525200,14.077596,100.612968,-3,4.17,1014.6,58.7,32,27,37,45
228515,10,1480525509,1480525500,14.077648,100.612907,-3,4.153,1014.5,58.8,32,28,38,44
228524,10,1480525810,1480525800,14.077697,100.612946,-3,4.144,1014.5,58.9,31.9,27,37,43
228526,10,1480526112,1480526100,14.0777,100.613029,-3,4.162,1014.4,59.1,31.9,27,34,38
228528,10,1480526409,1480526400,14.077637,100.613052,-3,4.213,1014.4,59.2,31.9,27,36,41
228530,10,1480526709,1480526700,14.077632,100.613029,-3,4.242,1014.4,59.3,31.9,25,33,38
228532,10,1480527010,1480527000,14.077588,100.613045,-3,4.254,1014.3,59.3,31.9,26,34,40
228534,10,1480527309,1480527300,14.077641,100.612976,-3,4.224,1014.3,59.1,31.9,27,36,42
228536,10,1480527609,1480527600,14.077596,100.613014,-3,4.198,1014.3,59,31.9,27,37,42
228538,10,1480527909,1480527900,14.0776,100.612968,-3,4.179,1014.2,59,31.9,25,34,38
228540,10,1480528509,1480528200,14.077604,100.6129,-3,4.164,1014.2,59.1,31.8,26,34,39
228541,10,1480528509,1480528500,14.077599,100.61293,-3,4.152,1014.2,59.2,31.8,24,33,37
228631,10,1480529109,1480528800,14.077651,100.612953,-3,4.162,1014.2,59.3,31.7,25,33,37
228630,10,1480529109,1480529100,14.07763,100.612961,-3,4.214,1014.2,59.5,31.7,24,34,38
228638,10,1480529409,1480529400,14.077615,100.613152,-3,4.236,1014.2,59.6,31.7,26,35,39
228654,10,1480530009,1480529700,14.077621,100.613045,-3,4.248,1014.2,59.6,31.7,24,33,37
228653,10,1480530009,1480530000,14.077625,100.613068,-3,4.222,1014.2,59.5,31.8,25,34,39
228662,10,1480530309,1480530300,14.077635,100.612999,-3,4.196,1014.2,59.3,31.8,26,37,44
228670,10,1480530609,1480530600,14.077594,100.612946,-3,4.179,1014.2,59.4,31.7,27,36,43
228678,10,1480530909,1480530900,14.07765,100.612923,-3,4.167,1014.2,59.5,31.7,26,35,42
228686,10,1480531209,1480531200,14.077598,100.612984,-3,4.174,1014.1,59.5,31.6,25,34,40
228694,10,1480531509,1480531500,14.077559,100.613007,-3,4.222,1014.1,59.7,31.6,25,34,40
228702,10,1480531809,1480531800,14.077595,100.612968,-3,4.245,1014.1,59.7,31.6,26,35,40
228710,10,1480532109,1480532100,14.077657,100.612938,-3,4.229,1014,59.6,31.6,26,34,43
228724,10,1480532409,1480532400,14.077601,100.613068,-3,4.198,1013.9,59.5,31.6,24,36,42
228726,10,1480532709,1480532700,14.077615,100.613037,-3,4.183,1013.9,59.5,31.6,25,34,39
228739,10,1480533009,1480533000,14.077655,100.613068,-3,4.161,1013.8,59.5,31.5,25,33,38
228747,10,1480533309,1480533300,14.077667,100.612968,-3,4.148,1013.8,59.6,31.5,26,34,39
228755,10,1480533609,1480533600,14.077538,100.612999,-3,4.161,1013.8,59.6,31.4,24,33,36
228757,10,1480533909,1480533900,14.077628,100.612999,-3,4.213,1013.8,59.8,31.4,24,32,37
228759,10,1480534209,1480534200,14.077642,100.61306,-3,4.24,1013.7,59.8,31.4,25,32,35
228761,10,1480534509,1480534500,14.077609,100.612938,-3,4.247,1013.6,59.7,31.4,22,30,32
228763,10,1480534809,1480534800,14.077589,100.612976,-3,4.212,1013.6,59.7,31.5,23,31,36
228765,10,1480535109,1480535100,14.077697,100.612991,-3,4.195,1013.6,59.5,31.4,25,33,37
228767,10,1480535410,1480535400,14.077614,100.612968,-3,4.177,1013.5,59.5,31.4,26,33,41
228769,10,1480536009,1480535700,14.077599,100.613007,-3,4.16,1013.5,59.6,31.3,23,31,35
228771,10,1480536009,1480536000,14.0776,100.612968,-3,4.148,1013.5,59.6,31.3,24,32,35
228774,10,1480536309,1480536300,14.077676,100.612999,-3,4.159,1013.6,59.7,31.2,24,31,34
228778,10,1480536909,1480536600,14.077687,100.612991,-3,4.217,1013.5,59.9,31.2,23,31,35
228777,10,1480536909,1480536900,14.077654,100.613029,-3,4.241,1013.6,60,31.2,23,30,32
228780,10,1480537209,1480537200,14.077628,100.613022,-3,4.253,1013.5,59.9,31.3,25,33,38
228782,10,1480537509,1480537500,14.077626,100.612991,-3,4.223,1013.5,59.8,31.3,22,29,33
228784,10,1480537809,1480537800,14.077669,100.613007,-3,4.201,1013.6,59.7,31.3,24,31,33
228786,10,1480538109,1480538100,14.077586,100.613045,-3,4.178,1013.5,59.7,31.2,25,32,34
228794,10,1480538409,1480538400,14.077587,100.613052,-3,4.157,1013.5,59.7,31.2,24,32,37
224554,66,1480452361,1480452261,48.8465,2.3534,60,null,1028.4,9.2,24,12,13,13
224560,66,1480452454,1480452358,48.8465,2.3534,60,null,1028.4,9.2,24,11,13,14
224566,66,1480452550,1480452454,48.8465,2.3534,60,null,1028.4,9.1,23.9,11,13,13
224574,66,1480452646,1480452550,48.8465,2.3534,60,null,1028.5,9.2,24,12,13,14
224580,66,1480452742,1480452646,48.8465,2.3534,60,null,1028.4,9.2,24,12,14,14
224586,66,1480452838,1480452742,48.8465,2.3534,60,null,1028.4,9.2,24,11,13,14
224594,66,1480452934,1480452839,48.8465,2.3534,60,null,1028.4,9.1,23.9,11,14,15
224600,66,1480453031,1480452935,48.8465,2.3534,60,null,1028.4,9.1,23.9,12,14,15
224606,66,1480453127,1480453031,48.8465,2.3534,60,null,1028.4,9.2,24,13,14,15
224614,66,1480453223,1480453127,48.8465,2.3534,60,null,1028.4,9.2,24,12,13,14
224620,66,1480453319,1480453223,48.8465,2.3534,60,null,1028.4,9.1,23.9,13,14,15
224626,66,1480453416,1480453320,48.8465,2.3534,60,null,1028.4,9.1,23.9,13,14,15
224634,66,1480453512,1480453416,48.8465,2.3534,60,null,1028.5,9.2,24,13,15,15
224640,66,1480453608,1480453512,48.8465,2.3534,60,null,1028.5,9.1,23.9,13,14,14
224646,66,1480453704,1480453608,48.8465,2.3534,60,null,1028.5,9,23.9,13,15,17
224652,66,1480453800,1480453705,48.8465,2.3534,60,null,1028.5,9.1,23.9,14,16,16
224660,66,1480453897,1480453801,48.8465,2.3534,60,null,1028.4,9.1,23.9,14,16,18
224666,66,1480453993,1480453897,48.8465,2.3534,60,null,1028.5,9.1,23.9,15,17,18
224672,66,1480454089,1480453993,48.8465,2.3534,60,null,1028.5,9.1,23.9,14,16,17
224680,66,1480454185,1480454089,48.8465,2.3534,60,null,1028.6,9.1,23.9,14,15,16
224686,66,1480454281,1480454186,48.8465,2.3534,60,null,1028.6,null,23.9,16,18,19
224691,66,1480454378,1480454282,48.8465,2.3534,60,null,1028.6,0.1,23.9,17,19,19
224699,66,1480454474,1480454378,48.8465,2.3534,60,null,1028.5,9.1,23.9,15,17,18
224705,66,1480454570,1480454474,48.8465,2.3534,60,null,1028.6,9.1,23.9,15,17,17
224711,66,1480454666,1480454570,48.8465,2.3534,60,null,1028.5,9.1,23.9,16,19,19
224719,66,1480454763,1480454667,48.8465,2.3534,60,null,1028.5,9.1,23.9,16,19,20
224725,66,1480454859,1480454763,48.8465,2.3534,60,null,1028.5,0.1,23.9,17,19,20
224731,66,1480454955,1480454859,48.8465,2.3534,60,null,1028.6,9.1,23.8,15,17,17
224739,66,1480455051,1480454955,48.8465,2.3534,60,null,1028.5,9.1,23.9,16,18,19
224745,66,1480455147,1480455052,48.8465,2.3534,60,null,1028.5,9,23.8,17,18,19
224751,66,1480455244,1480455148,48.8465,2.3534,60,null,1028.6,9.1,23.8,17,19,21
224759,66,1480455340,1480455244,48.8465,2.3534,60,null,1028.6,9.1,23.8,18,20,21
224765,66,1480455436,1480455340,48.8465,2.3534,60,null,1028.6,9.1,23.8,19,21,22
224771,66,1480455533,1480455437,48.8465,2.3534,60,null,1028.6,9.1,23.8,16,18,20
224779,66,1480455629,1480455533,48.8465,2.3534,60,null,1028.5,9.1,23.8,18,20,21
224785,66,1480455725,1480455629,48.8465,2.3534,60,null,1028.6,null,23.8,19,20,21
224790,66,1480455821,1480455725,48.8465,2.3534,60,null,1028.7,9.1,23.8,20,21,22
224798,66,1480455917,1480455822,48.8465,2.3534,60,null,1028.5,9.1,23.8,18,20,20
224804,66,1480456014,1480455918,48.8465,2.3534,60,null,1028.7,9.1,23.8,17,19,20
224810,66,1480456110,1480456014,48.8465,2.3534,60,null,1028.6,9.1,23.8,20,21,22
224816,66,1480456206,1480456110,48.8465,2.3534,60,null,1028.6,9.1,23.8,20,21,22
224824,66,1480456302,1480456206,48.8465,2.3534,60,null,1028.5,9.1,23.8,18,20,null
224829,66,1480456399,1480456303,48.8465,2.3534,60,null,1028.6,9.1,23.8,18,20,null
224834,66,1480456495,1480456399,48.8465,2.3534,60,null,1028.5,9.1,23.8,17,19,20
224842,66,1480456591,1480456495,48.8465,2.3534,60,null,1028.5,9.1,23.8,15,17,19
224848,66,1480456687,1480456591,48.8465,2.3534,60,null,1028.5,null,23.8,18,20,21
224853,66,1480456784,1480456688,48.8465,2.3534,60,null,1028.5,9.1,23.8,19,20,20
224861,66,1480456880,1480456784,48.8465,2.3534,60,null,1028.4,9.1,23.8,18,19,20
224867,66,1480456976,1480456880,48.8465,2.3534,60,null,1028.6,9.1,23.8,17,19,20
224873,66,1480457072,1480456976,48.8465,2.3534,60,null,1028.6,9,23.8,20,21,22
224881,66,1480457169,1480457073,48.8465,2.3534,60,null,1028.5,null,23.7,17,19,21
224886,66,1480457265,1480457169,48.8465,2.3534,60,null,1028.6,9.1,23.8,17,18,null
224891,66,1480457361,1480457265,48.8465,2.3534,60,null,1028.6,9,23.7,16,18,19
224899,66,1480457457,1480457361,48.8465,2.3534,60,null,1028.6,9.1,23.8,20,21,22
224905,66,1480457554,1480457458,48.8465,2.3534,60,null,1028.6,9,23.7,17,19,20
224911,66,1480457651,1480457554,48.8465,2.3534,60,null,1028.6,9.1,23.8,15,17,18
224919,66,1480457746,1480457650,48.8465,2.3534,60,null,1028.6,0,23.7,17,19,null
224924,66,1480457842,1480457746,48.8465,2.3534,60,null,1028.7,9,23.7,17,19,21
224930,66,1480457939,1480457843,48.8465,2.3534,60,null,1028.6,9,23.7,19,21,23
224938,66,1480458035,1480457939,48.8465,2.3534,60,null,1028.7,9,23.7,21,23,25
224944,66,1480458131,1480458035,48.8465,2.3534,60,null,1028.7,9,23.7,18,20,21
224950,66,1480458227,1480458131,48.8465,2.3534,60,null,1028.6,9,23.7,16,18,18
224958,66,1480458324,1480458228,48.8465,2.3534,60,null,1028.7,9,23.7,19,20,22
224964,66,1480458420,1480458324,48.8465,2.3534,60,null,1028.7,9,23.7,18,20,22
224970,66,1480458516,1480458420,48.8465,2.3534,60,null,1028.6,9,23.7,22,23,24
224979,66,1480458612,1480458516,48.8465,2.3534,60,null,1028.6,null,23.7,21,22,23
224984,66,1480458709,1480458613,48.8465,2.3534,60,null,1028.7,9,23.7,17,19,null
224989,66,1480458805,1480458709,48.8465,2.3534,60,null,1028.6,9,23.7,20,22,23
224995,66,1480458901,1480458805,48.8465,2.3534,60,null,1028.6,9,23.7,20,22,22
225003,66,1480458997,1480458901,48.8465,2.3534,60,null,1028.6,9,23.7,19,21,22
225009,66,1480459094,1480458998,48.8465,2.3534,60,null,1028.7,null,23.7,23,25,26
225014,66,1480459190,1480459094,48.8465,2.3534,60,null,1028.7,9,23.7,16,18,19
225022,66,1480459286,1480459190,48.8465,2.3534,60,null,1028.6,9,23.7,21,23,24
225028,66,1480459382,1480459286,48.8465,2.3534,60,null,1028.6,9,23.7,20,21,23
225034,66,1480459479,1480459383,48.8465,2.3534,60,null,1028.7,8.9,23.6,21,23,24
225042,66,1480459575,1480459479,48.8465,2.3534,60,null,1028.7,9,23.7,20,21,22
225048,66,1480459671,1480459575,48.8465,2.3534,60,null,1028.7,9,23.7,21,23,24
225054,66,1480459767,1480459671,48.8465,2.3534,60,null,1028.7,9,23.7,21,22,23
225062,66,1480459864,1480459768,48.8465,2.3534,60,null,1028.7,8.9,23.6,20,21,21
225068,66,1480459961,1480459864,48.8465,2.3534,60,null,1028.8,8.9,23.6,19,21,22
225074,66,1480460056,1480459960,48.8465,2.3534,60,null,1028.8,null,23.7,19,21,22
225081,66,1480460152,1480460056,48.8465,2.3534,60,null,1028.8,8.9,23.6,20,21,21
225087,66,1480460249,1480460153,48.8465,2.3534,60,null,1028.7,8.9,23.6,23,24,26
225093,66,1480460345,1480460249,48.8465,2.3534,60,null,1028.6,8.9,23.6,24,25,26
225101,66,1480460441,1480460345,48.8465,2.3534,60,null,1028.6,8.9,23.6,21,23,24
225107,66,1480460538,1480460441,48.8465,2.3534,60,null,1028.5,8.9,23.6,17,19,20
225113,66,1480460634,1480460538,48.8465,2.3534,60,null,1028.5,8.9,23.6,21,23,23
225121,66,1480460730,1480460634,48.8465,2.3534,60,null,1028.5,8.9,23.6,19,21,22
225127,66,1480460827,1480460730,48.8465,2.3534,60,null,1028.6,8.9,23.6,19,21,23
225133,66,1480460923,1480460826,48.8465,2.3534,60,null,1028.6,8.9,23.6,21,23,24
225141,66,1480461019,1480460923,48.8465,2.3534,60,null,1028.6,8.9,23.6,22,23,24
225147,66,1480461115,1480461019,48.8465,2.3534,60,null,1028.7,8.9,23.6,23,25,26
225153,66,1480461211,1480461115,48.8465,2.3534,60,null,1028.7,8.9,23.6,22,24,null
225159,66,1480461308,1480461212,48.8465,2.3534,60,null,1028.8,8.9,23.6,20,22,24
225166,66,1480461404,1480461308,48.8465,2.3534,60,null,1028.8,8.9,23.6,25,27,28
225172,66,1480461500,1480461404,48.8465,2.3534,60,null,1028.8,null,23.6,21,23,24
225177,66,1480461596,1480461500,48.8465,2.3534,60,null,1028.8,8.9,23.6,19,21,22
225185,66,1480461693,1480461597,48.8465,2.3534,60,null,1028.8,8.9,23.6,23,25,26
225191,66,1480461789,1480461693,48.8465,2.3534,60,null,1028.7,8.9,23.6,21,23,24
225197,66,1480461885,1480461789,48.8465,2.3534,60,null,1028.8,8,23.6,24,25,26
225205,66,1480461981,1480461885,48.8465,2.3534,60,null,1028.8,null,23.6,22,24,27
225210,66,1480462174,1480461982,48.8465,2.3534,60,null,1028.8,8.9,23.5,26,29,30
225224,66,1480462270,1480462174,48.8465,2.3534,60,null,1028.7,8.9,23.5,23,25,26
225230,66,1480462367,1480462271,48.8465,2.3534,60,null,1028.8,8.9,23.6,25,27,27
225236,66,1480462463,1480462367,48.8465,2.3534,60,null,1028.6,null,23.5,24,26,28
225243,66,1480462559,1480462463,48.8465,2.3534,60,null,1028.7,8.9,23.5,22,25,25
225249,66,1480462655,1480462560,48.8465,2.3534,60,null,1028.7,8.9,23.5,25,27,28
225255,66,1480462752,1480462656,48.8465,2.3534,60,null,1028.6,8.9,23.5,27,29,29
225263,66,1480462848,1480462752,48.8465,2.3534,60,null,1028.7,8.9,23.6,24,26,27
225269,66,1480462944,1480462848,48.8465,2.3534,60,null,1028.7,8.9,23.5,26,28,28
225275,66,1480463041,1480462945,48.8465,2.3534,60,null,1028.7,8.9,23.5,29,31,32
225283,66,1480463137,1480463041,48.8465,2.3534,60,null,1028.7,8.9,23.5,25,28,29
225289,66,1480463233,1480463137,48.8465,2.3534,60,null,1028.6,8.9,23.5,20,23,24
225295,66,1480463330,1480463234,48.8465,2.3534,60,null,1028.7,8.9,23.5,19,21,23
225303,66,1480463426,1480463330,48.8465,2.3534,60,null,1028.6,8.9,23.5,19,21,22
225309,66,1480463522,1480463428,48.8465,2.3534,60,null,1028.5,8.8,23.4,24,25,26
225315,66,1480463618,1480463522,48.8465,2.3534,60,null,1028.5,8.8,23.4,25,27,null
225323,66,1480463715,1480463619,48.8465,2.3534,60,null,1028.5,8.8,23.4,27,30,30
225329,66,1480463811,1480463715,48.8465,2.3534,60,null,1028.5,8.9,23.5,25,27,29
225335,66,1480463907,1480463811,48.8465,2.3534,60,null,1028.5,8.9,23.5,29,31,33
225341,66,1480464004,1480463908,48.8465,2.3534,60,null,1028.6,8.8,23.4,27,29,null
225348,66,1480464101,1480464004,48.8465,2.3534,60,null,1028.6,8.9,23.5,25,28,30
225354,66,1480464196,1480464100,48.8465,2.3534,60,null,1028.7,8.9,23.5,26,28,29
225360,66,1480464293,1480464196,48.8465,2.3534,60,null,1028.7,8.9,23.5,31,33,34
225368,66,1480464389,1480464293,48.8465,2.3534,60,null,1028.7,8.8,23.4,24,27,27
225374,66,1480464485,1480464389,48.8465,2.3534,60,null,1028.7,8.9,23.5,24,26,26
225380,66,1480464582,1480464486,48.8465,2.3534,60,null,1028.6,8.9,23.5,22,24,null
225387,66,1480464678,1480464582,48.8465,2.3534,60,null,1028.7,8.9,23.5,23,24,25
225393,66,1480464774,1480464678,48.8465,2.3534,60,null,1028.7,8,23.4,19,21,23
225399,66,1480464870,1480464774,48.8465,2.3534,60,null,1028.8,null,23.4,21,24,25
225406,66,1480464967,1480464871,48.8465,2.3534,60,null,1028.8,8.8,23.4,27,30,31
225412,66,1480465063,1480464967,48.8465,2.3534,60,null,1028.8,8.8,23.4,26,29,31
225418,66,1480465159,1480465063,48.8465,2.3534,60,null,1028.8,8.8,23.4,21,23,25
225426,66,1480465256,1480465160,48.8465,2.3534,60,null,1028.8,8.8,23.4,23,26,27
225432,66,1480465352,1480465256,48.8465,2.3534,60,null,1028.8,8.8,23.4,23,25,26
225438,66,1480465448,1480465352,48.8465,2.3534,60,null,1028.9,0.8,23.4,25,28,null
225445,66,1480465545,1480465449,48.8465,2.3534,60,null,1029,8.8,23.4,24,26,27
225451,66,1480465641,1480465545,48.8465,2.3534,60,null,1029,8.8,23.4,22,24,25
225457,66,1480465737,1480465641,48.8465,2.3534,60,null,1029,8.8,23.4,27,29,31
225465,66,1480465834,1480465738,48.8465,2.3534,60,null,1029,8.8,23.4,25,27,28
225471,66,1480465930,1480465834,48.8465,2.3534,60,null,1029.1,8.8,23.4,23,26,27
225477,66,1480466026,1480465930,48.8465,2.3534,60,null,1029.1,8.8,23.4,19,21,22
225485,66,1480466123,1480466026,48.8465,2.3534,60,null,1029.1,8.8,23.4,21,24,25
225491,66,1480466219,1480466123,48.8465,2.3534,60,null,1029,8.8,23.4,24,26,28
225497,66,1480466315,1480466219,48.8465,2.3534,60,null,1029,8.8,23.4,28,30,32
225505,66,1480466413,1480466315,48.8465,2.3534,60,null,1029,8.8,23.4,26,28,null
225510,66,1480466508,1480466412,48.8465,2.3534,60,null,1029.1,8.8,23.4,22,25,26
225516,66,1480466604,1480466508,48.8465,2.3534,60,null,1029.2,8.8,23.4,23,25,29
225522,66,1480466700,1480466604,48.8465,2.3534,60,null,1029.2,8.8,23.4,25,28,28
225530,66,1480466797,1480466701,48.8465,2.3534,60,null,1029.3,8.8,23.4,21,23,25
225536,66,1480466893,1480466797,48.8465,2.3534,60,null,1029.3,8.8,23.4,25,27,28
225542,66,1480466989,1480466893,48.8465,2.3534,60,null,1029.4,8.8,23.4,22,24,null
225549,66,1480467086,1480466990,48.8465,2.3534,60,null,1029.4,8.8,23.4,21,24,24
225555,66,1480467182,1480467086,48.8465,2.3534,60,null,1029.4,8.8,23.4,23,25,26
225561,66,1480467278,1480467182,48.8465,2.3534,60,null,1029.4,8.8,23.4,25,27,28
225569,66,1480467375,1480467279,48.8465,2.3534,60,null,1029.3,8.7,23.3,23,26,null
225574,66,1480467471,1480467375,48.8465,2.3534,60,null,1029.3,8.8,23.4,18,21,23
225580,66,1480467567,1480467471,48.8465,2.3534,60,null,1029.4,8.8,23.4,18,21,22
225588,66,1480467664,1480467568,48.8465,2.3534,60,null,1029.3,8,23.4,27,29,31
225594,66,1480467760,1480467664,48.8465,2.3534,60,null,1029.3,null,23.3,25,27,29
225599,66,1480467856,1480467760,48.8465,2.3534,60,null,1029.3,8.7,23.3,19,21,21
225607,66,1480467953,1480467857,48.8465,2.3534,60,null,1029.4,8.7,23.3,20,22,23
225613,66,1480468049,1480467953,48.8465,2.3534,60,null,1029.4,8.8,23.4,22,25,26
225619,66,1480468145,1480468049,48.8465,2.3534,60,null,1029.4,8.7,23.3,18,21,22
225627,66,1480468241,1480468146,48.8465,2.3534,60,null,1029.5,null,23.4,21,23,24
225632,66,1480468338,1480468242,48.8465,2.3534,60,null,1029.4,8.7,23.3,22,24,26
225638,66,1480468434,1480468338,48.8465,2.3534,60,null,1029.4,8.8,23.4,18,21,22
225647,66,1480468531,1480468434,48.8465,2.3534,60,null,1029.5,8.7,23.3,20,23,24
225653,66,1480468627,1480468531,48.8465,2.3534,60,null,1029.6,8.8,23.4,22,25,26
225659,66,1480468723,1480468627,48.8465,2.3534,60,null,1029.5,8.7,23.3,21,23,25
225667,66,1480468819,1480468723,48.8465,2.3534,60,null,1029.6,8.7,23.3,23,25,null
225672,66,1480468916,1480468820,48.8465,2.3534,60,null,1029.7,8.7,23.3,23,26,28
225678,66,1480469012,1480468916,48.8465,2.3534,60,null,1029.6,8.7,23.3,23,26,27
225685,66,1480469108,1480469012,48.8465,2.3534,60,null,1029.8,8,23.3,22,25,26
225692,66,1480469205,1480469109,48.8465,2.3534,60,null,1029.7,null,23.3,23,25,26
225697,66,1480469398,1480469205,48.8465,2.3534,60,null,1029.7,8.7,23.3,25,27,28
225711,66,1480469494,1480469398,48.8465,2.3534,60,null,1029.7,8.7,23.3,26,28,30
225717,66,1480469590,1480469494,48.8465,2.3534,60,null,1029.8,8.7,23.3,27,30,31
225723,66,1480469687,1480469590,48.8465,2.3534,60,null,1029.8,8.7,23.3,29,32,33
225731,66,1480469782,1480469687,48.8465,2.3534,60,null,1029.9,8.7,23.3,35,37,38
225737,66,1480469879,1480469783,48.8465,2.3534,60,null,1029.9,8.7,23.3,30,32,35
225743,66,1480469975,1480469879,48.8465,2.3534,60,null,1030,8.7,23.3,20,22,24
225751,66,1480470072,1480469975,48.8465,2.3534,60,null,1030,8.7,23.3,27,30,31
225757,66,1480470168,1480470072,48.8465,2.3534,60,null,1030,8.7,23.3,32,35,36
225763,66,1480470264,1480470168,48.8465,2.3534,60,null,1030,8.7,23.3,26,29,30
225771,66,1480470361,1480470265,48.8465,2.3534,60,null,1030.1,8.7,23.3,22,24,26
225777,66,1480470457,1480470361,48.8465,2.3534,60,null,1030.1,8.7,23.3,21,24,26
225783,66,1480470553,1480470457,48.8465,2.3534,60,null,1030,8.7,23.3,21,23,24
225791,66,1480470650,1480470553,48.8465,2.3534,60,null,1030,8.7,23.3,23,26,27
225797,66,1480470746,1480470650,48.8465,2.3534,60,null,1030,8.8,23.3,29,31,33
225803,66,1480470842,1480470746,48.8465,2.3534,60,null,1030.1,8.7,23.3,30,32,33
225811,66,1480470939,1480470843,48.8465,2.3534,60,null,1030.2,8.7,23.3,22,23,24
225817,66,1480471035,1480470939,48.8465,2.3534,60,null,1030.3,8.7,23.2,22,24,25
225823,66,1480471131,1480471035,48.8465,2.3534,60,null,1030.2,8.7,23.3,40,42,44
225831,66,1480471228,1480471131,48.8465,2.3534,60,null,1030.2,8.7,23.3,29,32,null
225836,66,1480471329,1480471228,48.8465,2.3534,60,null,1030.4,8.7,23.3,29,31,null
225842,66,1480471420,1480471324,48.8465,2.3534,60,null,1030.4,8.7,23.3,26,28,30
225850,66,1480471517,1480471421,48.8465,2.3534,60,null,1030.4,8.7,23.3,23,26,27
225856,66,1480471613,1480471517,48.8465,2.3534,60,null,1030.5,8.7,23.3,42,45,46
225862,66,1480471805,1480471614,48.8465,2.3534,60,null,1030.5,8.7,23.3,43,46,47
225876,66,1480471902,1480471806,48.8465,2.3534,60,null,1030.4,8.7,23.3,18,20,21
225882,66,1480471998,1480471902,48.8465,2.3534,60,null,1030.3,8.7,23.2,26,29,30
225888,66,1480472095,1480471998,48.8465,2.3534,60,null,1030.3,8.7,23.3,39,42,44
225896,66,1480472190,1480472095,48.8465,2.3534,60,null,1030.3,8.7,23.2,43,46,47
225902,66,1480472287,1480472191,48.8465,2.3534,60,null,1030.4,8.7,23.3,29,31,null
225907,66,1480472384,1480472287,48.8465,2.3534,60,null,1030.3,8.7,23.2,23,25,27
225915,66,1480472479,1480472383,48.8465,2.3534,60,null,1030.4,8.7,23.2,29,31,32
225921,66,1480472575,1480472480,48.8465,2.3534,60,null,1030.4,null,23.2,35,38,39
225926,66,1480472671,1480472575,48.8465,2.3534,60,null,1030.4,0.7,23.2,23,26,27
225934,66,1480472768,1480472672,48.8465,2.3534,60,null,1030.3,8.7,23.2,21,24,null
225939,66,1480472864,1480472768,48.8465,2.3534,60,null,1030.4,8.7,23.2,22,24,26
225945,66,1480472960,1480472864,48.8465,2.3534,60,null,1030.4,8.7,23.2,21,23,24
225953,66,1480473057,1480472961,48.8465,2.3534,60,null,1030.3,8.7,23.2,25,28,30
225959,66,1480473153,1480473057,48.8465,2.3534,60,null,1030.4,8.7,23.2,40,42,43
225965,66,1480473249,1480473153,48.8465,2.3534,60,null,1030.5,8.7,23.3,27,30,31
225973,66,1480473345,1480473249,48.8465,2.3534,60,null,1030.4,8.7,23.3,21,24,25
225979,66,1480473442,1480473346,48.8465,2.3534,60,null,1030.4,8,23.2,21,24,25
225985,66,1480473538,1480473442,48.8465,2.3534,60,null,1030.4,8.7,23.2,20,23,25
225993,66,1480473638,1480473538,48.8465,2.3534,60,null,1030.3,8.7,23.2,23,26,27
225999,66,1480473730,1480473634,48.8465,2.3534,60,null,1030.4,8.7,23.2,60,63,64
226005,66,1480473827,1480473730,48.8465,2.3534,60,null,1030.4,8.7,23.2,35,38,39
226013,66,1480473923,1480473827,48.8465,2.3534,60,null,1030.3,8.6,23.1,23,25,26
226019,66,1480474019,1480473923,48.8465,2.3534,60,null,1030.4,null,23.2,32,35,38
226024,66,1480474115,1480474020,48.8465,2.3534,60,null,1030.4,8.7,23.2,76,78,80
226032,66,1480474212,1480474115,48.8465,2.3534,60,null,1030.4,8.7,23.2,39,42,43
226038,66,1480474308,1480474212,48.8465,2.3534,60,null,1030.3,8.7,23.2,25,28,29
226044,66,1480474404,1480474308,48.8465,2.3534,60,null,1030.2,8.7,23.2,25,27,29
226050,66,1480474501,1480474405,48.8465,2.3534,60,null,1030.3,null,23.2,31,34,36
226057,66,1480474694,1480474503,48.8465,2.3534,60,null,1030.3,8.7,23.2,25,28,29
226069,66,1480474790,1480474694,48.8465,2.3534,60,null,1030.3,8.7,23.2,29,31,33
226077,66,1480474886,1480474790,48.8465,2.3534,60,null,1030.2,8.7,23.2,39,42,44
226083,66,1480474982,1480474886,48.8465,2.3534,60,null,1030.3,8.7,23.2,31,33,34
226089,66,1480475079,1480474983,48.8465,2.3534,60,null,1030.3,0.7,23.2,23,25,26
226096,66,1480475175,1480475079,48.8465,2.3534,60,null,1030.3,8.7,23.2,22,25,null
226101,66,1480475271,1480475175,48.8465,2.3534,60,null,1030.2,8.6,23.1,57,59,60
226107,66,1480475367,1480475271,48.8465,2.3534,60,null,1030.2,8.7,23.2,48,51,52
226116,66,1480475463,1480475367,48.8465,2.3534,60,null,1030.2,8.6,23.1,25,28,30
226122,66,1480475559,1480475463,48.8465,2.3534,60,null,1030.2,8.6,23.1,33,36,37
226128,66,1480475656,1480475559,48.8465,2.3534,60,null,1030.2,8.6,23.1,22,25,25
226136,66,1480475752,1480475656,48.8465,2.3534,60,null,1030.2,8.6,23.1,25,28,29
226142,66,1480475849,1480475752,48.8465,2.3534,60,null,1030.2,8.6,23.1,29,32,34
226148,66,1480475944,1480475849,48.8465,2.3534,60,null,1030.1,8.6,23.1,34,37,39
226156,66,1480476041,1480475945,48.8465,2.3534,60,null,1030.1,8.6,23.1,24,26,null
226161,66,1480476137,1480476041,48.8465,2.3534,60,null,1030,8.6,23.1,22,24,25
226167,66,1480476233,1480476137,48.8465,2.3534,60,null,1029.9,8.6,23.1,21,24,24
226175,66,1480476329,1480476233,48.8465,2.3534,60,null,1029.9,8.7,23.2,67,70,71
226181,66,1480476425,1480476329,48.8465,2.3534,60,null,1029.8,8.6,23.1,50,53,54
226187,66,1480476521,1480476425,48.8465,2.3534,60,null,1029.8,8.7,23.2,24,27,28
226195,66,1480476618,1480476522,48.8465,2.3534,60,null,1029.8,8.6,23.1,24,26,null
226200,66,1480476714,1480476618,48.8465,2.3534,60,null,1029.8,8.6,23.1,19,21,23
226206,66,1480476811,1480476714,48.8465,2.3534,60,null,1029.7,8.6,23.1,51,54,54
226212,66,1480476906,1480476811,48.8465,2.3534,60,null,1029.6,8.7,23.2,61,64,65
226220,66,1480477002,1480476907,48.8465,2.3534,60,null,1029.7,8.7,23.2,34,36,38
226226,66,1480477099,1480477003,48.8465,2.3534,60,null,1029.6,8.6,23.1,22,24,25
226232,66,1480477195,1480477099,48.8465,2.3534,60,null,1029.5,8.6,23.1,23,26,27
226240,66,1480477291,1480477195,48.8465,2.3534,60,null,1029.5,8.6,23.1,65,67,69
226246,66,1480477388,1480477291,48.8465,2.3534,60,null,1029.5,8.6,23.1,34,37,38
226252,66,1480477484,1480477388,48.8465,2.3534,60,null,1029.6,0.6,23.1,28,31,33
226260,66,1480477581,1480477484,48.8465,2.3534,60,null,1029.6,8.6,23.1,31,34,null
226265,66,1480477677,1480477581,48.8465,2.3534,60,null,1029.6,8.7,23.2,27,30,31
226271,66,1480477772,1480477677,48.8465,2.3534,60,null,1029.7,8.7,23.2,76,79,80
226279,66,1480477868,1480477773,48.8465,2.3534,60,null,1029.6,null,23.1,58,61,62
226284,66,1480477965,1480477868,48.8465,2.3534,60,null,1029.5,0.6,23.1,40,43,44
226290,66,1480478061,1480477965,48.8465,2.3534,60,null,1029.6,8.7,23.2,42,45,46
226297,66,1480478157,1480478061,48.8465,2.3534,60,null,1029.6,8.6,23.1,40,43,45
226303,66,1480478253,1480478157,48.8465,2.3534,60,null,1029.5,8.7,23.2,22,24,26
226309,66,1480478350,1480478253,48.8465,2.3534,60,null,1029.5,8.7,23.2,19,22,23
226318,66,1480478446,1480478350,48.8465,2.3534,60,null,1029.4,8.7,23.2,34,37,39
226324,66,1480478543,1480478446,48.8465,2.3534,60,null,1029.4,8.7,23.2,63,65,67
226330,66,1480478639,1480478543,48.8465,2.3534,60,null,1029.3,8.6,23.1,28,30,32
226338,66,1480478735,1480478639,48.8465,2.3534,60,null,1029.4,8,23.1,24,27,28
226344,66,1480478832,1480478736,48.8465,2.3534,60,null,1029.3,null,23.1,19,21,21
226349,66,1480478928,1480478832,48.8465,2.3534,60,null,1029.4,8.6,23.1,21,23,25
226357,66,1480479024,1480478928,48.8465,2.3534,60,null,1029.3,8.7,23.2,56,59,null
226362,66,1480479121,1480479025,48.8465,2.3534,60,null,1029.2,8.7,23.2,65,67,68
226368,66,1480479217,1480479121,48.8465,2.3534,60,null,1029.2,8,23.1,21,23,25
226375,66,1480479314,1480479217,48.8465,2.3534,60,null,1029.2,null,23.1,23,25,27
226380,66,1480479410,1480479313,48.8465,2.3534,60,null,1029.2,0.6,23.1,23,26,28
226386,66,1480479506,1480479410,48.8465,2.3534,60,null,1029.2,8.7,23.2,30,33,34
226392,66,1480479602,1480479506,48.8465,2.3534,60,null,1029.2,8.6,23.1,59,62,63
226401,66,1480479698,1480479602,48.8465,2.3534,60,null,1029.3,8.7,23.2,33,36,37
226407,66,1480479795,1480479699,48.8465,2.3534,60,null,1029.3,8.7,23.2,25,27,27
226413,66,1480479987,1480479795,48.8465,2.3534,60,null,1029.2,8.6,23.1,31,34,35
226427,66,1480480084,1480479988,48.8465,2.3534,60,null,1029.1,8.6,23.1,44,47,48
226433,66,1480480180,1480480084,48.8465,2.3534,60,null,1029.1,8.6,23.1,24,26,27
226442,66,1480480276,1480480180,48.8465,2.3534,60,null,1029.3,8.6,23.1,23,26,27
226448,66,1480480373,1480480276,48.8465,2.3534,60,null,1029.3,8.6,23.1,32,34,35
226454,66,1480480469,1480480373,48.8465,2.3534,60,null,1029.4,8.6,23.1,69,71,72
226462,66,1480480566,1480480469,48.8465,2.3534,60,null,1029.3,8.6,23.1,48,51,52
226468,66,1480480662,1480480566,48.8465,2.3534,60,null,1029.5,8,23.2,31,33,34
226474,66,1480480759,1480480662,48.8465,2.3534,60,null,1029.4,8.7,23.2,26,28,30
226482,66,1480480855,1480480759,48.8465,2.3534,60,null,1029.5,0.7,23.2,22,24,25
226488,66,1480480951,1480480855,48.8465,2.3534,60,null,1029.5,8.7,23.2,35,37,37
226494,66,1480481047,1480480951,48.8465,2.3534,60,null,1029.4,8.7,23.2,87,89,90
226502,66,1480481144,1480481048,48.8465,2.3534,60,null,1029.5,8.7,23.2,45,47,48
226508,66,1480481240,1480481144,48.8465,2.3534,60,null,1029.4,8.6,23.1,26,28,30
226514,66,1480481336,1480481240,48.8465,2.3534,60,null,1029.4,0.6,23.1,19,22,null
226521,66,1480481433,1480481336,48.8465,2.3534,60,null,1029.4,8.7,23.2,35,38,40
226527,66,1480481528,1480481433,48.8465,2.3534,60,null,1029.5,8.6,23.1,63,65,66
226533,66,1480481625,1480481529,48.8465,2.3534,60,null,1029.6,8.7,23.2,22,24,25
226541,66,1480481721,1480481625,48.8465,2.3534,60,null,1029.7,8.6,23.1,24,27,28
226547,66,1480481817,1480481721,48.8465,2.3534,60,null,1029.8,8.7,23.2,21,23,null
226552,66,1480481914,1480481818,48.8465,2.3534,60,null,1029.8,8.7,23.2,51,54,56
226559,66,1480482010,1480481914,48.8465,2.3534,60,null,1030,8.7,23.2,52,55,55
226566,66,1480482107,1480482011,48.8465,2.3534,60,null,1029.9,8.7,23.2,24,27,28
226572,66,1480482203,1480482107,48.8465,2.3534,60,null,1030,null,23.1,20,22,24
226577,66,1480482299,1480482205,48.8465,2.3534,60,null,1030,8.7,23.2,21,24,26
226585,66,1480482396,1480482300,48.8465,2.3534,60,null,1030,8.6,23.1,29,31,32
226591,66,1480482492,1480482396,48.8465,2.3534,60,null,1030.1,8.6,23.1,23,26,27
226597,66,1480482588,1480482492,48.8465,2.3534,60,null,1030,8.7,23.2,17,20,21
226605,66,1480482685,1480482589,48.8465,2.3534,60,null,1029.9,8.6,23.1,16,19,19
226611,66,1480482877,1480482687,48.8465,2.3534,60,null,1029.9,8.6,23.1,14,17,18
226625,66,1480482973,1480482877,48.8465,2.3534,60,null,1029.9,8.6,23.1,15,17,17
226631,66,1480483069,1480482973,48.8465,2.3534,60,null,1029.8,8.6,23.1,13,16,18
226637,66,1480483166,1480483070,48.8465,2.3534,60,null,1029.8,8.6,23.1,14,16,18
226645,66,1480483262,1480483166,48.8465,2.3534,60,null,1029.8,8.6,23.1,15,17,18
226651,66,1480483358,1480483262,48.8465,2.3534,60,null,1030,8.6,23.1,15,17,19
226657,66,1480483454,1480483358,48.8465,2.3534,60,null,1030.1,8.6,23.1,13,15,16
226665,66,1480483550,1480483454,48.8465,2.3534,60,null,1030.2,8.6,23.1,14,16,17
226671,66,1480483646,1480483550,48.8465,2.3534,60,null,1030.2,8.6,23.1,14,17,19
226677,66,1480483743,1480483647,48.8465,2.3534,60,null,1030.1,8.6,23.1,14,16,18
226685,66,1480483839,1480483743,48.8465,2.3534,60,null,1030,8.6,23.1,14,17,18
226691,66,1480483935,1480483839,48.8465,2.3534,60,null,1030,8.6,23.1,14,16,17
226697,66,1480484031,1480483935,48.8465,2.3534,60,null,1029.9,8.6,23.1,13,16,17
226705,66,1480484127,1480484031,48.8465,2.3534,60,null,1029.8,8.6,23.1,13,16,18
226711,66,1480484224,1480484128,48.8465,2.3534,60,null,1029.7,8.7,23.2,13,17,null
226716,66,1480484320,1480484224,48.8465,2.3534,60,null,1029.7,8.6,23.1,13,16,16
226724,66,1480484416,1480484320,48.8465,2.3534,60,null,1029.8,8.6,23,13,16,18
226730,66,1480484512,1480484416,48.8465,2.3534,60,null,1029.7,8,23.1,14,16,19
226736,66,1480484608,1480484512,48.8465,2.3534,60,null,1029.7,8.6,23.1,13,15,17
226742,66,1480484704,1480484608,48.8465,2.3534,60,null,1029.7,8.6,23.1,13,16,17
226750,66,1480484801,1480484705,48.8465,2.3534,60,null,1029.7,8.6,23.1,13,16,17
226756,66,1480484897,1480484801,48.8465,2.3534,60,null,1029.7,8.6,23.1,14,16,18
226762,66,1480484993,1480484897,48.8465,2.3534,60,null,1029.7,8.6,23.1,14,16,17
226770,66,1480485089,1480484993,48.8465,2.3534,60,null,1029.7,8.6,23.1,13,15,17
226776,66,1480485282,1480485089,48.8465,2.3534,60,null,1029.7,8.6,23.1,13,15,17
226790,66,1480485378,1480485282,48.8465,2.3534,60,null,1029.7,8.6,23.1,13,16,19
226796,66,1480485474,1480485378,48.8465,2.3534,60,null,1029.6,8.6,23.1,15,17,18
226802,66,1480485570,1480485474,48.8465,2.3534,60,null,1029.6,null,23.1,13,16,16
226809,66,1480485666,1480485570,48.8465,2.3534,60,null,1029.5,8.6,23.1,14,16,18
226815,66,1480485763,1480485666,48.8465,2.3534,60,null,1029.5,8.6,23.1,14,16,17
226821,66,1480485859,1480485763,48.8465,2.3534,60,null,1029.5,8.6,23.1,14,16,18
226828,66,1480485955,1480485859,48.8465,2.3534,60,null,1029.3,8.6,23.1,14,17,17
226834,66,1480486051,1480485955,48.8465,2.3534,60,null,1029.3,8.6,23.1,13,16,18
226840,66,1480486147,1480486051,48.8465,2.3534,60,null,1029.2,8.6,23.1,14,16,16
226849,66,1480486243,1480486147,48.8465,2.3534,60,null,1029.1,8.6,23.1,14,16,null
226854,66,1480486339,1480486243,48.8465,2.3534,60,null,1029.1,8.6,23.1,13,16,17
226860,66,1480486436,1480486340,48.8465,2.3534,60,null,1029.2,8.6,23,13,16,17
226868,66,1480486532,1480486436,48.8465,2.3534,60,null,1029.2,8.6,23,12,15,16
226874,66,1480486628,1480486532,48.8465,2.3534,60,null,1029.2,8.6,23,12,14,16
226880,66,1480486724,1480486628,48.8465,2.3534,60,null,1029.2,8.6,23,13,15,18
226888,66,1480486820,1480486724,48.8465,2.3534,60,null,1029.2,8.6,23.1,14,15,16
226894,66,1480486917,1480486821,48.8465,2.3534,60,null,1029.3,8.6,23.1,14,16,16
226900,66,1480487013,1480486917,48.8465,2.3534,60,null,1029.3,8.6,23.1,14,16,16
226907,66,1480487109,1480487013,48.8465,2.3534,60,null,1029.3,8.6,23.1,14,16,null
226913,66,1480487205,1480487109,48.8465,2.3534,60,null,1029.3,8.6,23.1,14,17,19
226919,66,1480487301,1480487205,48.8465,2.3534,60,null,1029.3,8.6,23.1,14,17,18
226925,66,1480487398,1480487301,48.8465,2.3534,60,null,1029.3,8.6,23.1,15,18,20
226932,66,1480487494,1480487398,48.8465,2.3534,60,null,1029.4,8.6,23.1,13,15,16
226938,66,1480487590,1480487494,48.8465,2.3534,60,null,1029.5,0.6,23.1,13,15,16
226944,66,1480487686,1480487590,48.8465,2.3534,60,null,1029.6,8.6,23,14,16,17
226953,66,1480487782,1480487686,48.8465,2.3534,60,null,1029.7,8.6,23,12,15,16
226959,66,1480487878,1480487782,48.8465,2.3534,60,null,1029.7,8,23.1,15,17,19
226965,66,1480487975,1480487879,48.8465,2.3534,60,null,1029.7,8.6,23.1,13,15,17
226973,66,1480488071,1480487975,48.8465,2.3534,60,null,1029.6,8.6,23.1,14,16,17
226979,66,1480488167,1480488071,48.8465,2.3534,60,null,1029.5,8.6,23.1,14,17,18
226985,66,1480488263,1480488167,48.8465,2.3534,60,null,1029.5,8.6,23,14,17,19
226993,66,1480488359,1480488263,48.8465,2.3534,60,null,1029.6,8.6,23.1,13,16,18
226999,66,1480488455,1480488360,48.8465,2.3534,60,null,1029.7,null,23.1,13,16,17
227004,66,1480488552,1480488456,48.8465,2.3534,60,null,1029.8,8.6,23.1,15,17,18
227012,66,1480488648,1480488552,48.8465,2.3534,60,null,1029.8,8.6,23.1,14,17,18
227018,66,1480488744,1480488648,48.8465,2.3534,60,null,1029.8,8.6,23.1,15,17,18
227024,66,1480488840,1480488744,48.8465,2.3534,60,null,1029.8,8.6,23.1,15,17,19
227032,66,1480488936,1480488840,48.8465,2.3534,60,null,1029.9,null,23.1,15,16,18
227037,66,1480489033,1480488937,48.8465,2.3534,60,null,1029.9,8.6,23.1,14,16,null
227042,66,1480489129,1480489033,48.8465,2.3534,60,null,1030.1,8.6,23,15,17,19
227050,66,1480489225,1480489129,48.8465,2.3534,60,null,1030.1,8.6,23,14,16,18
227056,66,1480489321,1480489225,48.8465,2.3534,60,null,1030.2,8,23,14,17,19
227062,66,1480489417,1480489321,48.8465,2.3534,60,null,1030.2,8.6,23.1,14,16,18
227071,66,1480489513,1480489418,48.8465,2.3534,60,null,1030.3,8.6,23.1,14,17,18
227077,66,1480489610,1480489514,48.8465,2.3534,60,null,1030.2,8.6,23.1,15,17,19
227083,66,1480489706,1480489610,48.8465,2.3534,60,null,1030.2,8.6,23.1,14,17,17
227089,66,1480489802,1480489706,48.8465,2.3534,60,null,1030.3,8,23.1,13,16,19
227097,66,1480489898,1480489802,48.8465,2.3534,60,null,1030.4,null,23.1,14,16,17
227102,66,1480489995,1480489898,48.8465,2.3534,60,null,1030.4,8.6,23.1,15,17,null
227107,66,1480490091,1480489995,48.8465,2.3534,60,null,1030.3,8.6,23.1,15,17,18
227115,66,1480490187,1480490091,48.8465,2.3534,60,null,1030.3,8.6,23.1,15,18,20
227121,66,1480490283,1480490187,48.8465,2.3534,60,null,1030.4,8.6,23.1,15,16,18
227127,66,1480490379,1480490283,48.8465,2.3534,60,null,1030.5,null,23.1,15,17,19
227134,66,1480490475,1480490379,48.8465,2.3534,60,null,1030.6,0.6,23.1,15,18,20
227140,66,1480490571,1480490476,48.8465,2.3534,60,null,1030.6,8.6,23.1,15,18,21
227146,66,1480490668,1480490572,48.8465,2.3534,60,null,1030.7,8.6,23.1,15,17,18
227153,66,1480490764,1480490668,48.8465,2.3534,60,null,1030.6,8.6,23.1,15,18,20
227159,66,1480490860,1480490764,48.8465,2.3534,60,null,1030.6,8.6,23.1,15,18,19
227165,66,1480490956,1480490860,48.8465,2.3534,60,null,1030.8,8.6,23.1,15,17,18
227174,66,1480491052,1480490956,48.8465,2.3534,60,null,1030.7,8.6,23,15,18,21
227180,66,1480491149,1480491053,48.8465,2.3534,60,null,1030.7,8.6,23,16,18,21
227186,66,1480491245,1480491149,48.8465,2.3534,60,null,1030.8,8.5,22.9,16,18,20
227194,66,1480491341,1480491245,48.8465,2.3534,60,null,1030.8,null,22.9,16,19,21
227199,66,1480491437,1480491341,48.8465,2.3534,60,null,1030.9,8.6,23,16,18,20
227205,66,1480491533,1480491437,48.8465,2.3534,60,null,1030.9,8.6,23,16,18,19
227213,66,1480491630,1480491534,48.8465,2.3534,60,null,1031.1,8.6,23.1,16,18,21
227219,66,1480491726,1480491630,48.8465,2.3534,60,null,1031.1,8.6,23,16,18,19
227225,66,1480491822,1480491726,48.8465,2.3534,60,null,1031.1,8.6,23.1,15,17,19
227232,66,1480491918,1480491824,48.8465,2.3534,60,null,1031.1,8.6,23.1,16,18,21
227238,66,1480492014,1480491918,48.8465,2.3534,60,null,1031.2,8.6,23,16,18,null
227243,66,1480492110,1480492015,48.8465,2.3534,60,null,1031.2,8.6,23,16,20,22
227249,66,1480492207,1480492111,48.8465,2.3534,60,null,1031.2,8.6,23.1,16,20,21
227258,66,1480492303,1480492207,48.8465,2.3534,60,null,1031.2,8.6,23.1,16,19,21
227264,66,1480492399,1480492303,48.8465,2.3534,60,null,1031.1,8.6,23.1,16,19,21
227270,66,1480492495,1480492399,48.8465,2.3534,60,null,1031.1,8.6,23.1,17,20,23
227278,66,1480492591,1480492495,48.8465,2.3534,60,null,1031.1,8.6,23,16,19,20
227284,66,1480492688,1480492592,48.8465,2.3534,60,null,1031.2,8.6,23,16,20,22
227290,66,1480492784,1480492688,48.8465,2.3534,60,null,1031.2,8.6,23,17,19,21
227298,66,1480492880,1480492786,48.8465,2.3534,60,null,1031.2,8.6,23.1,16,19,21
227304,66,1480492976,1480492880,48.8465,2.3534,60,null,1031.2,8.6,23.1,18,21,22
227310,66,1480493072,1480492976,48.8465,2.3534,60,null,1031.1,8.6,23.1,19,22,22
227318,66,1480493169,1480493073,48.8465,2.3534,60,null,1031.1,8,23.1,17,21,23
227324,66,1480493265,1480493169,48.8465,2.3534,60,null,1031.2,8.6,23.1,16,19,21
227330,66,1480493361,1480493265,48.8465,2.3534,60,null,1031.2,8.6,23.1,18,21,22
227338,66,1480493457,1480493361,48.8465,2.3534,60,null,1031.3,8.6,23,17,21,22
227344,66,1480493553,1480493457,48.8465,2.3534,60,null,1031.3,8.6,23,18,21,23
227350,66,1480493650,1480493554,48.8465,2.3534,60,null,1031.3,8.6,23.1,18,22,24
227358,66,1480493746,1480493650,48.8465,2.3534,60,null,1031.3,8.6,23,17,21,22
227364,66,1480493842,1480493746,48.8465,2.3534,60,null,1031.3,8.6,23.1,17,21,null
227369,66,1480493938,1480493842,48.8465,2.3534,60,null,1031.2,8.6,23.1,18,21,22
227376,66,1480494034,1480493938,48.8465,2.3534,60,null,1031.2,8.6,23.1,17,20,22
227382,66,1480494131,1480494035,48.8465,2.3534,60,null,1031.2,8,23.1,18,22,23
227388,66,1480494227,1480494131,48.8465,2.3534,60,null,1031.2,8.6,23.1,18,22,23
227397,66,1480494323,1480494227,48.8465,2.3534,60,null,1031.2,8.6,23.1,18,22,23
227403,66,1480494419,1480494323,48.8465,2.3534,60,null,1031.3,8.6,23.1,17,20,22
227409,66,1480494515,1480494419,48.8465,2.3534,60,null,1031.2,8.6,23.1,19,22,25
227417,66,1480494611,1480494515,48.8465,2.3534,60,null,1031.2,8.6,23,17,21,23
227423,66,1480494708,1480494612,48.8465,2.3534,60,null,1031.3,8.6,23.1,18,21,23
227429,66,1480494804,1480494708,48.8465,2.3534,60,null,1031.3,0.6,23.1,18,21,22
227435,66,1480494900,1480494804,48.8465,2.3534,60,null,1031.4,8.6,23.1,18,21,23
227443,66,1480494996,1480494900,48.8465,2.3534,60,null,1031.4,8.6,23,17,20,22
227449,66,1480495092,1480494996,48.8465,2.3534,60,null,1031.3,8.6,23.1,19,23,25
227455,66,1480495189,1480495093,48.8465,2.3534,60,null,1031.2,8.6,23.1,19,22,23
227463,66,1480495285,1480495189,48.8465,2.3534,60,null,1031.3,0.6,23,19,22,null
227468,66,1480495381,1480495285,48.8465,2.3534,60,null,1031.3,8.6,23.1,18,21,null
227473,66,1480495477,1480495381,48.8465,2.3534,60,null,1031.3,8.6,23.1,19,22,23
227481,66,1480495573,1480495477,48.8465,2.3534,60,null,1031.2,8.6,23,19,22,24
227487,66,1480495670,1480495574,48.8465,2.3534,60,null,1031.2,8.6,23,19,22,25
227493,66,1480495766,1480495670,48.8465,2.3534,60,null,1031.2,8.6,23,18,22,25
227501,66,1480495862,1480495766,48.8465,2.3534,60,null,1031.2,8.6,23,18,22,24
227507,66,1480495959,1480495862,48.8465,2.3534,60,null,1031.2,8.6,23.1,19,21,23
227513,66,1480496055,1480495958,48.8465,2.3534,60,null,1031.3,8.6,23,18,21,23
227521,66,1480496150,1480496055,48.8465,2.3534,60,null,1031.3,null,23,18,21,24
227526,66,1480496247,1480496151,48.8465,2.3534,60,null,1031.4,8.6,23.1,19,22,23
227532,66,1480496343,1480496247,48.8465,2.3534,60,null,1031.4,8.6,23,19,23,null
227539,66,1480496439,1480496343,48.8465,2.3534,60,null,1031.3,8.6,23.1,19,22,24
227545,66,1480496535,1480496439,48.8465,2.3534,60,null,1031.4,8.6,23.1,17,22,24
227551,66,1480496631,1480496535,48.8465,2.3534,60,null,1031.4,8.6,23,20,23,25
227559,66,1480496728,1480496632,48.8465,2.3534,60,null,1031.4,8.6,23.1,18,22,null
227564,66,1480496824,1480496728,48.8465,2.3534,60,null,1031.3,8.6,23.1,19,22,null
227569,66,1480496920,1480496824,48.8465,2.3534,60,null,1031.4,8.6,23,19,21,23
227577,66,1480497016,1480496920,48.8465,2.3534,60,null,1031.4,8,23,18,21,22
227583,66,1480497112,1480497016,48.8465,2.3534,60,null,1031.4,8.6,23,18,21,24
227589,66,1480497209,1480497113,48.8465,2.3534,60,null,1031.5,8.6,23,19,21,22
227595,66,1480497305,1480497209,48.8465,2.3534,60,null,1031.5,8.6,23,18,22,null
227602,66,1480497401,1480497305,48.8465,2.3534,60,null,1031.6,8.6,23,18,21,23
227608,66,1480497497,1480497401,48.8465,2.3534,60,null,1031.6,8.6,23,18,21,22
227614,66,1480497593,1480497497,48.8465,2.3534,60,null,1031.6,null,23,19,22,23
227622,66,1480497690,1480497594,48.8465,2.3534,60,null,1031.6,8.6,23,19,23,null
227627,66,1480497786,1480497690,48.8465,2.3534,60,null,1031.6,8.6,23,19,22,24
227633,66,1480497885,1480497786,48.8465,2.3534,60,null,1031.6,8.6,23,19,22,23
227642,66,1480497978,1480497882,48.8465,2.3534,60,null,1031.6,8.6,23.1,17,22,26
227648,66,1480498074,1480497978,48.8465,2.3534,60,null,1031.6,8.6,23.1,18,21,23
227654,66,1480498171,1480498075,48.8465,2.3534,60,null,1031.6,8.6,23,18,22,23
227662,66,1480498267,1480498171,48.8465,2.3534,60,null,1031.7,8.6,23,18,22,24
227668,66,1480498363,1480498267,48.8465,2.3534,60,null,1031.7,8.6,23,20,22,26
227674,66,1480498459,1480498363,48.8465,2.3534,60,null,1031.6,8.6,23,19,23,26
227682,66,1480498555,1480498459,48.8465,2.3534,60,null,1031.7,8.6,23,20,23,25
227688,66,1480498652,1480498556,48.8465,2.3534,60,null,1031.7,8.6,23,19,23,24
227694,66,1480498748,1480498652,48.8465,2.3534,60,null,1031.7,8.6,23,18,21,23
227702,66,1480498844,1480498748,48.8465,2.3534,60,null,1031.8,8.6,23,19,22,24
227708,66,1480498940,1480498844,48.8465,2.3534,60,null,1031.8,8.6,23,18,21,22
227714,66,1480499036,1480498940,48.8465,2.3534,60,null,1031.8,8.6,23,18,22,24
227724,66,1480499133,1480499037,48.8465,2.3534,60,null,1031.8,8.6,23,20,24,27
227730,66,1480499229,1480499133,48.8465,2.3534,60,null,1031.9,8.4,22.7,21,25,27
227736,66,1480499325,1480499229,48.8465,2.3534,60,null,1031.8,8.2,22.5,23,28,30
227744,66,1480499421,1480499325,48.8465,2.3534,60,null,1031.8,8,22.4,23,28,30
227750,66,1480499517,1480499421,48.8465,2.3534,60,null,1031.8,8.1,22.3,25,30,32
227756,66,1480499614,1480499518,48.8465,2.3534,60,null,1031.8,8.1,22.3,24,29,31
227763,66,1480499710,1480499614,48.8465,2.3534,60,null,1031.8,8.1,22.3,25,31,null
227769,66,1480499806,1480499710,48.8465,2.3534,60,null,1031.8,8.1,22.3,25,30,32
227775,66,1480499902,1480499806,48.8465,2.3534,60,null,1031.8,8.2,22.4,27,31,36
227781,66,1480499999,1480499903,48.8465,2.3534,60,null,1031.9,8.2,22.3,27,31,33
227789,66,1480500095,1480499999,48.8465,2.3534,60,null,1031.8,8.4,22.4,24,29,31
227795,66,1480500191,1480500095,48.8465,2.3534,60,null,1031.8,9.4,22.5,24,28,32
227801,66,1480500287,1480500191,48.8465,2.3534,60,null,1031.8,9.6,22.6,43,48,51
227810,66,1480500383,1480500288,48.8465,2.3534,60,null,1031.9,9.7,22.6,51,55,57
227816,66,1480500479,1480500384,48.8465,2.3534,60,null,1031.9,null,22.8,22,26,28
227821,66,1480500576,1480500480,48.8465,2.3534,60,null,1031.8,10.1,23.1,21,25,28
227829,66,1480500672,1480500576,48.8465,2.3534,60,null,1031.9,9.4,23.3,21,26,28
227835,66,1480500768,1480500672,48.8465,2.3534,60,null,1031.8,9.6,23.3,21,24,28
227841,66,1480500864,1480500768,48.8465,2.3534,60,null,1031.8,9.6,23.3,21,25,27
227848,66,1480500960,1480500864,48.8465,2.3534,60,null,1031.8,null,23.4,21,25,28
227853,66,1480501057,1480500961,48.8465,2.3534,60,null,1031.8,10.1,23.3,20,24,26
227859,66,1480501153,1480501057,48.8465,2.3534,60,null,1031.7,10.4,23.3,22,27,null
227867,66,1480501249,1480501153,48.8465,2.3534,60,null,1031.7,9.8,23.3,21,25,28
227873,66,1480501345,1480501249,48.8465,2.3534,60,null,1031.7,9.9,23.3,22,27,29
227879,66,1480501442,1480501346,48.8465,2.3534,60,null,1031.6,9.9,23.4,22,26,28
227887,66,1480501538,1480501442,48.8465,2.3534,60,null,1031.7,0.7,23.3,22,26,28
227893,66,1480501634,1480501538,48.8465,2.3534,60,null,1031.6,10,23.4,22,26,29
227899,66,1480501730,1480501634,48.8465,2.3534,60,null,1031.6,10.3,23.4,21,25,28
227907,66,1480501826,1480501730,48.8465,2.3534,60,null,1031.6,9,23.4,21,24,26
227913,66,1480501922,1480501827,48.8465,2.3534,60,null,1031.6,10.3,23.5,22,25,27
227919,66,1480502019,1480501923,48.8465,2.3534,60,null,1031.5,10.3,23.5,22,26,29
227927,66,1480502115,1480502019,48.8465,2.3534,60,null,1031.4,10.5,23.5,21,25,27
227935,66,1480502479,1480502383,48.8465,2.3534,60,null,1031.4,null,23.8,26,30,31
227940,66,1480502575,1480502479,48.8465,2.3534,60,null,1031.4,10.7,23.7,22,25,27
227946,66,1480502669,1480502576,48.8465,2.3534,60,null,null,null,null,21,25,null
227951,66,1480502773,1480502677,48.8465,2.3534,60,null,1031.5,10,23.7,20,25,28
227994,66,1480503936,1480503267,48.8465,2.3534,60,null,1031.4,10.9,23.8,21,26,28
227989,66,1480503936,1480503364,48.8465,2.3534,60,null,1031.3,null,23.8,20,23,26
227983,66,1480503935,1480503459,48.8465,2.3534,60,null,1031.3,11,23.8,20,23,26
227977,66,1480503934,1480503555,48.8465,2.3534,60,null,1031.3,11,23.8,21,25,28
227971,66,1480503933,1480503652,48.8465,2.3534,60,null,1031.3,11,23.8,21,24,27
227965,66,1480503933,1480503748,48.8465,2.3534,60,null,1031.3,11.1,23.9,21,24,26
228005,66,1480503940,1480503844,48.8465,2.3534,60,null,1031.3,11,23.8,21,24,26
228011,66,1480504036,1480503940,48.8465,2.3534,60,null,1031.4,11,23.9,24,27,29
228017,66,1480504132,1480504036,48.8465,2.3534,60,null,1031.3,0.9,23.9,21,24,25
228155,66,1480507765,1480505840,48.8465,2.3534,60,null,1031,9.6,23.8,23,29,30
228149,66,1480507763,1480505938,48.8465,2.3534,60,null,1030.9,9.7,24.1,22,27,29
228143,66,1480507763,1480506037,48.8465,2.3534,60,null,1031,9.3,24.2,26,29,32
228137,66,1480507762,1480506134,48.8465,2.3534,60,null,1030.9,9.3,24.1,23,28,30
228131,66,1480507760,1480506233,48.8465,2.3534,60,null,1030.9,9.5,24.4,22,27,29
228125,66,1480507759,1480506331,48.8465,2.3534,60,null,1030.8,9.6,24.6,23,27,30
228119,66,1480507758,1480506430,48.8465,2.3534,60,null,1030.8,9.5,24.5,24,29,30
228113,66,1480507757,1480506528,48.8465,2.3534,60,null,1030.8,9.5,24.4,22,27,31
228107,66,1480507757,1480506625,48.8465,2.3534,60,null,1030.7,9.4,24.3,22,27,29
228101,66,1480507755,1480506723,48.8465,2.3534,60,null,1030.7,9.4,24.3,24,28,31
228095,66,1480507755,1480506821,48.8465,2.3534,60,null,1030.7,9.5,24.4,22,27,29
228089,66,1480507754,1480506919,48.8465,2.3534,60,null,1030.6,9.5,24.4,25,29,32
228083,66,1480507753,1480507017,48.8465,2.3534,60,null,1030.6,9.4,24.3,30,36,39
228077,66,1480507752,1480507114,48.8465,2.3534,60,null,1030.6,9,23.7,26,31,36
228071,66,1480507752,1480507212,48.8465,2.3534,60,null,1030.6,8.8,23.4,27,32,35
228065,66,1480507751,1480507310,48.8465,2.3534,60,null,1030.6,8.7,23.2,28,33,37
228059,66,1480507750,1480507408,48.8465,2.3534,60,null,1030.6,8.7,23.2,29,35,38
228053,66,1480507749,1480507506,48.8465,2.3534,60,null,1030.6,8.7,23.2,31,37,41
228047,66,1480507748,1480507603,48.8465,2.3534,60,null,1030.7,8.7,23.2,29,35,37
228161,66,1480507797,1480507701,48.8465,2.3534,60,null,1030.7,8.7,23.2,28,33,36
228169,66,1480507895,1480507800,48.8465,2.3534,60,null,1030.6,null,23.2,29,35,37
228341,66,1480518897,1480516816,48.8465,2.3534,60,null,1029.7,13.4,25.2,23,26,30
228335,66,1480518894,1480516913,48.8465,2.3534,60,null,1029.7,13.3,25.2,23,27,29
228329,66,1480518891,1480517011,48.8465,2.3534,60,null,1029.7,13.7,25.3,22,26,27
228323,66,1480518889,1480517384,48.8465,2.3534,60,null,1029.8,13.7,25.2,22,26,29
228317,66,1480518887,1480517482,48.8465,2.3534,60,null,1029.6,13.4,25.1,22,26,27
228311,66,1480518886,1480517581,48.8465,2.3534,60,null,1029.7,13.5,25.2,22,24,25
228305,66,1480518883,1480517679,48.8465,2.3534,60,null,1029.6,13.5,25.2,21,25,28
228299,66,1480518881,1480517778,48.8465,2.3534,60,null,1029.6,13.6,25.2,20,24,28
228293,66,1480518878,1480517876,48.8465,2.3534,60,null,1029.6,13.5,25.2,22,25,27
228287,66,1480518876,1480517975,48.8465,2.3534,60,null,1029.6,13.6,25.1,22,24,26
228281,66,1480518874,1480518074,48.8465,2.3534,60,null,1029.6,13.2,25.1,23,29,32
228275,66,1480518871,1480518172,48.8465,2.3534,60,null,1029.7,14.6,25.1,22,26,27
228269,66,1480518869,1480518271,48.8465,2.3534,60,null,1029.6,13.5,25.2,22,26,28
228263,66,1480518867,1480518370,48.8465,2.3534,60,null,1029.7,13.4,25.1,23,27,28
228257,66,1480518864,1480518468,48.8465,2.3534,60,null,1029.8,13.8,25.2,23,27,33
228411,66,1480522537,1480521221,48.8465,2.3534,60,null,1029.7,13.5,25.6,22,26,28
228405,66,1480522534,1480521320,48.8465,2.3534,60,null,1029.6,13.3,25.5,24,28,31
228399,66,1480522533,1480521419,48.8465,2.3534,60,null,1029.5,12.9,25.5,25,28,30
228393,66,1480522531,1480521518,48.8465,2.3534,60,null,1029.6,13.2,25.5,25,29,31
228387,66,1480522530,1480521616,48.8465,2.3534,60,null,1029.6,13.1,25.5,25,29,33
228381,66,1480522529,1480521715,48.8465,2.3534,60,null,1029.6,13.6,25.6,25,29,33
228423,66,1480522635,1480522537,48.8465,2.3534,60,null,1029.5,9.7,24.8,30,36,41
228431,66,1480523074,1480522977,48.8465,2.3534,60,null,1029.6,9.4,24.2,43,50,53
228440,66,1480523200,1480523103,48.8465,2.3534,60,null,1029.7,9.9,24.3,33,41,44
228452,66,1480524055,1480523957,48.8465,2.3534,60,null,1030,10,24.1,34,40,43
228458,66,1480524153,1480524056,48.8465,2.3534,60,null,1029.9,10.7,24,44,52,55
228466,66,1480524400,1480524303,48.8465,2.3534,60,null,1030,11.1,24.2,77,85,89
228474,66,1480524699,1480524602,48.8465,2.3534,60,null,1029.9,10.5,24.2,38,44,50
228482,66,1480524999,1480524903,48.8465,2.3534,60,null,1029.9,10.2,24.1,35,41,48
228488,66,1480525097,1480525001,48.8465,2.3534,60,null,1029.8,10.3,24.3,71,78,81
228494,66,1480525196,1480525099,48.8465,2.3534,60,null,1029.8,10.4,24.2,48,54,59
228502,66,1480525394,1480525197,48.8465,2.3534,60,null,1029.7,10.7,24.2,40,46,48
228516,66,1480525603,1480525503,48.8465,2.3534,60,null,1029.9,10.6,24.3,44,51,56
228617,66,1480528937,1480525863,48.8465,2.3534,60,null,1029.9,9.4,24.2,37,45,51
228611,66,1480528937,1480526103,48.8465,2.3534,60,null,1029.8,9.3,24.1,45,52,58
228605,66,1480528936,1480526403,48.8465,2.3534,60,null,1029.9,9.5,24.2,44,52,57
228599,66,1480528935,1480526703,48.8465,2.3534,60,null,1029.8,9.9,24,36,42,47
228593,66,1480528934,1480527003,48.8465,2.3534,60,null,1029.9,10.3,24,36,42,48
228587,66,1480528934,1480527303,48.8465,2.3534,60,null,1029.9,9.9,23.9,37,45,49
228581,66,1480528933,1480527603,48.8465,2.3534,60,null,1029.9,10.5,23.9,34,41,45
228575,66,1480528932,1480527903,48.8465,2.3534,60,null,1029.8,10.1,23.8,34,42,44
228569,66,1480528931,1480528203,48.8465,2.3534,60,null,1029.8,10.5,23.6,32,39,45
228563,66,1480528930,1480528503,48.8465,2.3534,60,null,1029.8,10.7,23.7,33,40,50
228557,66,1480528930,1480528601,48.8465,2.3534,60,null,1029.8,11.8,23.9,36,44,47
228551,66,1480528929,1480528700,48.8465,2.3534,60,null,1029.7,10.9,23.9,40,49,53
228545,66,1480528928,1480528798,48.8465,2.3534,60,null,1029.7,10.4,23.8,52,60,62
228623,66,1480528992,1480528896,48.8465,2.3534,60,null,1029.7,10.1,23.9,41,49,51
228632,66,1480529499,1480529102,48.8465,2.3534,60,null,1029.8,9.9,24,69,76,82
228646,66,1480529799,1480529703,48.8465,2.3534,60,null,1029.9,9.9,23.7,38,46,50
228655,66,1480530099,1480530003,48.8465,2.3534,60,null,1030,10.7,23.8,38,46,50
228663,66,1480530399,1480530303,48.8465,2.3534,60,null,1029.9,11.9,24.1,37,44,51
228671,66,1480530699,1480530603,48.8465,2.3534,60,null,1030,12.6,23.9,36,44,49
228679,66,1480530999,1480530903,48.8465,2.3534,60,null,1030,10.5,23.9,37,46,51
228687,66,1480531599,1480531204,48.8465,2.3534,60,null,1030,9.8,23.7,36,45,51
228703,66,1480531899,1480531802,48.8465,2.3534,60,null,1029.8,10.2,24.2,37,44,49
228711,66,1480532199,1480532103,48.8465,2.3534,60,null,1029.8,10.4,24,36,45,53
228717,66,1480532298,1480532201,48.8465,2.3534,60,null,1029.8,10.1,23.9,40,49,53
228733,66,1480532957,1480532616,48.8465,2.3534,60,null,1029.8,10.1,23.6,51,60,null
228727,66,1480532956,1480532714,48.8465,2.3534,60,null,1029.7,10.3,23.6,47,55,59
228740,66,1480533098,1480533002,48.8465,2.3534,60,null,1029.7,10.3,23.5,43,52,56
228748,66,1480533399,1480533302,48.8465,2.3534,60,null,1029.7,10.3,23.8,37,45,51
