BW, SF, SNR, PS, BER
10400,7,-40,70,0.0585714
10400,7,-40,140,0.0514294
10400,7,-40,210,0.0519054
10400,7,-40,280,0.0453574
10400,7,-40,350,0.0505714
10400,7,-40,420,0.0450004
10400,7,-40,490,0.0442864
10400,7,-40,560,0.0525004
10400,7,-40,630,0.0526984
10400,7,-40,700,0.0525714
10400,7,-30,70,0.0471434
10400,7,-30,140,0.0492864
10400,7,-30,210,0.0471434
10400,7,-30,280,0.0514294
10400,7,-30,350,0.0525714
10400,7,-30,420,0.0485714
10400,7,-30,490,0.0522454
10400,7,-30,560,0.0500004
10400,7,-30,630,0.0449214
10400,7,-30,700,0.0478574
10400,7,-20,70,0.0542864
10400,7,-20,140,0.0357144
10400,7,-20,210,0.0457144
10400,7,-20,280,0.0432144
10400,7,-20,350,0.0437144
10400,7,-20,420,0.0485714
10400,7,-20,490,0.0442864
10400,7,-20,560,0.0442864
10400,7,-20,630,0.0466674
10400,7,-20,700,0.0415714
10400,7,-10,70,0.0000004
10400,7,-10,140,0.0028574
10400,7,-10,210,0.0004764
10400,7,-10,280,0.0010714
10400,7,-10,350,0.0008574
10400,7,-10,420,0.0019054
10400,7,-10,490,0.0000004
10400,7,-10,560,0.0028574
10400,7,-10,630,0.0011114
10400,7,-10,700,0.0015714
10400,7,0,70,0.0000004
10400,7,0,140,0.0000004
10400,7,0,210,0.0000004
10400,7,0,280,0.0000004
10400,7,0,350,0.0000004
10400,7,0,420,0.0000004
10400,7,0,490,0.0000004
10400,7,0,560,0.0000004
10400,7,0,630,0.0000004
10400,7,0,700,0.0000004
10400,8,-40,80,0.0437504
10400,8,-40,160,0.0475004
10400,8,-40,240,0.0512504
10400,8,-40,320,0.0490624
10400,8,-40,400,0.0475004
10400,8,-40,480,0.0485424
10400,8,-40,560,0.0492864
10400,8,-40,640,0.0517194
10400,8,-40,720,0.0490284
10400,8,-40,800,0.0488754
10400,8,-30,80,0.0475004
10400,8,-30,160,0.0456254
10400,8,-30,240,0.0508334
10400,8,-30,320,0.0543754
10400,8,-30,400,0.0507504
10400,8,-30,480,0.0527084
10400,8,-30,560,0.0455364
10400,8,-30,640,0.0489064
10400,8,-30,720,0.0490284
10400,8,-30,800,0.0475004
10400,8,-20,80,0.0462504
10400,8,-20,160,0.0387504
10400,8,-20,240,0.0358334
10400,8,-20,320,0.0443754
10400,8,-20,400,0.0360004
10400,8,-20,480,0.0406254
10400,8,-20,560,0.0425004
10400,8,-20,640,0.0373444
10400,8,-20,720,0.0387504
10400,8,-20,800,0.0405004
10400,8,-10,80,0.0000004
10400,8,-10,160,0.0000004
10400,8,-10,240,0.0000004
10400,8,-10,320,0.0000004
10400,8,-10,400,0.0000004
10400,8,-10,480,0.0000004
10400,8,-10,560,0.0000004
10400,8,-10,640,0.0000004
10400,8,-10,720,0.0000004
10400,8,-10,800,0.0000004
10400,8,0,80,0.0000004
10400,8,0,160,0.0000004
10400,8,0,240,0.0000004
10400,8,0,320,0.0000004
10400,8,0,400,0.0000004
10400,8,0,480,0.0000004
10400,8,0,560,0.0000004
10400,8,0,640,0.0000004
10400,8,0,720,0.0000004
10400,8,0,800,0.0000004
10400,9,-40,90,0.0522224
10400,9,-40,180,0.0522224
10400,9,-40,270,0.0459264
10400,9,-40,360,0.0530564
10400,9,-40,450,0.0477784
10400,9,-40,540,0.0500004
10400,9,-40,630,0.0488894
10400,9,-40,720,0.0508334
10400,9,-40,810,0.0518524
10400,9,-40,900,0.0522224
10400,9,-30,90,0.0388894
10400,9,-30,180,0.0505564
10400,9,-30,270,0.0451854
10400,9,-30,360,0.0419444
10400,9,-30,450,0.0520004
10400,9,-30,540,0.0466674
10400,9,-30,630,0.0482544
10400,9,-30,720,0.0483334
10400,9,-30,810,0.0502474
10400,9,-30,900,0.0467784
10400,9,-20,90,0.0400004
10400,9,-20,180,0.0172224
10400,9,-20,270,0.0348154
10400,9,-20,360,0.0352784
10400,9,-20,450,0.0320004
10400,9,-20,540,0.0331484
10400,9,-20,630,0.0425404
10400,9,-20,720,0.0325004
10400,9,-20,810,0.0298774
10400,9,-20,900,0.0298894
10400,9,-10,90,0.0000004
10400,9,-10,180,0.0000004
10400,9,-10,270,0.0000004
10400,9,-10,360,0.0000004
10400,9,-10,450,0.0000004
10400,9,-10,540,0.0000004
10400,9,-10,630,0.0000004
10400,9,-10,720,0.0000004
10400,9,-10,810,0.0000004
10400,9,-10,900,0.0000004
10400,9,0,90,0.0000004
10400,9,0,180,0.0000004
10400,9,0,270,0.0000004
10400,9,0,360,0.0000004
10400,9,0,450,0.0000004
10400,9,0,540,0.0000004
10400,9,0,630,0.0000004
10400,9,0,720,0.0000004
10400,9,0,810,0.0000004
10400,9,0,900,0.0000004
10400,10,-40,100,0.0570004
10400,10,-40,200,0.0525004
10400,10,-40,300,0.0486674
10400,10,-40,400,0.0495004
10400,10,-40,500,0.0506004
10400,10,-40,600,0.0478334
10400,10,-40,700,0.0512864
10400,10,-40,800,0.0488754
10400,10,-40,900,0.0494444
10400,10,-40,1000,0.0464004
10400,10,-30,100,0.0430004
10400,10,-30,200,0.0485004
10400,10,-30,300,0.0503334
10400,10,-30,400,0.0490004
10400,10,-30,500,0.0476004
10400,10,-30,600,0.0478334
10400,10,-30,700,0.0497144
10400,10,-30,800,0.0492504
10400,10,-30,900,0.0496674
10400,10,-30,1000,0.0489004
10400,10,-20,100,0.0130004
10400,10,-20,200,0.0110004
10400,10,-20,300,0.0103334
10400,10,-20,400,0.0177504
10400,10,-20,500,0.0114004
10400,10,-20,600,0.0166674
10400,10,-20,700,0.0147144
10400,10,-20,800,0.0113754
10400,10,-20,900,0.0142224
10400,10,-20,1000,0.0095004
10400,10,-10,100,0.0000004
10400,10,-10,200,0.0000004
10400,10,-10,300,0.0000004
10400,10,-10,400,0.0000004
10400,10,-10,500,0.0000004
10400,10,-10,600,0.0000004
10400,10,-10,700,0.0000004
10400,10,-10,800,0.0000004
10400,10,-10,900,0.0000004
10400,10,-10,1000,0.0000004
10400,10,0,100,0.0000004
10400,10,0,200,0.0000004
10400,10,0,300,0.0000004
10400,10,0,400,0.0000004
10400,10,0,500,0.0000004
10400,10,0,600,0.0000004
10400,10,0,700,0.0000004
10400,10,0,800,0.0000004
10400,10,0,900,0.0000004
10400,10,0,1000,0.0000004
10400,11,-40,110,0.0463644
10400,11,-40,220,0.0504554
10400,11,-40,330,0.0500004
10400,11,-40,440,0.0547734
10400,11,-40,550,0.0514554
10400,11,-40,660,0.0498484
10400,11,-40,770,0.0487014
10400,11,-40,880,0.0521594
10400,11,-40,990,0.0468694
10400,11,-40,1100,0.0487274
10400,11,-30,110,0.0545454
10400,11,-30,220,0.0431824
10400,11,-30,330,0.0500004
10400,11,-30,440,0.0506824
10400,11,-30,550,0.0490914
10400,11,-30,660,0.0465154
10400,11,-30,770,0.0496104
10400,11,-30,880,0.0465914
10400,11,-30,990,0.0453544
10400,11,-30,1100,0.0482734
10400,11,-20,110,0.0063644
10400,11,-20,220,0.0000004
10400,11,-20,330,0.0015154
10400,11,-20,440,0.0000004
10400,11,-20,550,0.0000004
10400,11,-20,660,0.0000004
10400,11,-20,770,0.0003904
10400,11,-20,880,0.0000004
10400,11,-20,990,0.0000004
10400,11,-20,1100,0.0007274
10400,11,-10,110,0.0000004
10400,11,-10,220,0.0000004
10400,11,-10,330,0.0000004
10400,11,-10,440,0.0000004
10400,11,-10,550,0.0000004
10400,11,-10,660,0.0000004
10400,11,-10,770,0.0000004
10400,11,-10,880,0.0000004
10400,11,-10,990,0.0000004
10400,11,-10,1100,0.0000004
10400,11,0,110,0.0000004
10400,11,0,220,0.0000004
10400,11,0,330,0.0000004
10400,11,0,440,0.0000004
10400,11,0,550,0.0000004
10400,11,0,660,0.0000004
10400,11,0,770,0.0000004
10400,11,0,880,0.0000004
10400,11,0,990,0.0000004
10400,11,0,1100,0.0000004
10400,12,-40,120,0.0541674
10400,12,-40,240,0.0500004
10400,12,-40,360,0.0544444
10400,12,-40,480,0.0516674
10400,12,-40,600,0.0481674
10400,12,-40,720,0.0475004
10400,12,-40,840,0.0488104
10400,12,-40,960,0.0498964
10400,12,-40,1080,0.0476854
10400,12,-40,1200,0.0515834
10400,12,-30,120,0.0400004
10400,12,-30,240,0.0445834
10400,12,-30,360,0.0475004
10400,12,-30,480,0.0439584
10400,12,-30,600,0.0446674
10400,12,-30,720,0.0434724
10400,12,-30,840,0.0430954
10400,12,-30,960,0.0433334
10400,12,-30,1080,0.0447224
10400,12,-30,1200,0.0450834
10400,12,-20,120,0.0000004
10400,12,-20,240,0.0000004
10400,12,-20,360,0.0000004
10400,12,-20,480,0.0000004
10400,12,-20,600,0.0000004
10400,12,-20,720,0.0000004
10400,12,-20,840,0.0000004
10400,12,-20,960,0.0000004
10400,12,-20,1080,0.0000004
10400,12,-20,1200,0.0000004
10400,12,-10,120,0.0000004
10400,12,-10,240,0.0000004
10400,12,-10,360,0.0000004
10400,12,-10,480,0.0000004
10400,12,-10,600,0.0000004
10400,12,-10,720,0.0000004
10400,12,-10,840,0.0000004
10400,12,-10,960,0.0000004
10400,12,-10,1080,0.0000004
10400,12,-10,1200,0.0000004
10400,12,0,120,0.0000004
10400,12,0,240,0.0000004
10400,12,0,360,0.0000004
10400,12,0,480,0.0000004
10400,12,0,600,0.0000004
10400,12,0,720,0.0000004
10400,12,0,840,0.0000004
10400,12,0,960,0.0000004
10400,12,0,1080,0.0000004
10400,12,0,1200,0.0000004
15600,7,-40,70,0.0500004
15600,7,-40,140,0.0464294
15600,7,-40,210,0.0447624
15600,7,-40,280,0.0478574
15600,7,-40,350,0.0482864
15600,7,-40,420,0.0471434
15600,7,-40,490,0.0536734
15600,7,-40,560,0.0505364
15600,7,-40,630,0.0528574
15600,7,-40,700,0.0512864
15600,7,-30,70,0.0557144
15600,7,-30,140,0.0557144
15600,7,-30,210,0.0533334
15600,7,-30,280,0.0482144
15600,7,-30,350,0.0531434
15600,7,-30,420,0.0521434
15600,7,-30,490,0.0524494
15600,7,-30,560,0.0483934
15600,7,-30,630,0.0509524
15600,7,-30,700,0.0497144
15600,7,-20,70,0.0442864
15600,7,-20,140,0.0507144
15600,7,-20,210,0.0471434
15600,7,-20,280,0.0500004
15600,7,-20,350,0.0474294
15600,7,-20,420,0.0485714
15600,7,-20,490,0.0424494
15600,7,-20,560,0.0467864
15600,7,-20,630,0.0493654
15600,7,-20,700,0.0445714
15600,7,-10,70,0.0100004
15600,7,-10,140,0.0035714
15600,7,-10,210,0.0042864
15600,7,-10,280,0.0021434
15600,7,-10,350,0.0011434
15600,7,-10,420,0.0007144
15600,7,-10,490,0.0020414
15600,7,-10,560,0.0008934
15600,7,-10,630,0.0012704
15600,7,-10,700,0.0028574
15600,7,0,70,0.0000004
15600,7,0,140,0.0000004
15600,7,0,210,0.0000004
15600,7,0,280,0.0000004
15600,7,0,350,0.0000004
15600,7,0,420,0.0000004
15600,7,0,490,0.0000004
15600,7,0,560,0.0000004
15600,7,0,630,0.0000004
15600,7,0,700,0.0000004
15600,8,-40,80,0.0562504
15600,8,-40,160,0.0525004
15600,8,-40,240,0.0454174
15600,8,-40,320,0.0515624
15600,8,-40,400,0.0490004
15600,8,-40,480,0.0470834
15600,8,-40,560,0.0526794
15600,8,-40,640,0.0500004
15600,8,-40,720,0.0465284
15600,8,-40,800,0.0512504
15600,8,-30,80,0.0587504
15600,8,-30,160,0.0493754
15600,8,-30,240,0.0495834
15600,8,-30,320,0.0478134
15600,8,-30,400,0.0452504
15600,8,-30,480,0.0479174
15600,8,-30,560,0.0462504
15600,8,-30,640,0.0510944
15600,8,-30,720,0.0527784
15600,8,-30,800,0.0485004
15600,8,-20,80,0.0462504
15600,8,-20,160,0.0375004
15600,8,-20,240,0.0429174
15600,8,-20,320,0.0353134
15600,8,-20,400,0.0347504
15600,8,-20,480,0.0383334
15600,8,-20,560,0.0450004
15600,8,-20,640,0.0434384
15600,8,-20,720,0.0415284
15600,8,-20,800,0.0423754
15600,8,-10,80,0.0000004
15600,8,-10,160,0.0000004
15600,8,-10,240,0.0000004
15600,8,-10,320,0.0000004
15600,8,-10,400,0.0000004
15600,8,-10,480,0.0000004
15600,8,-10,560,0.0000004
15600,8,-10,640,0.0000004
15600,8,-10,720,0.0000004
15600,8,-10,800,0.0000004
15600,8,0,80,0.0000004
15600,8,0,160,0.0000004
15600,8,0,240,0.0000004
15600,8,0,320,0.0000004
15600,8,0,400,0.0000004
15600,8,0,480,0.0000004
15600,8,0,560,0.0000004
15600,8,0,640,0.0000004
15600,8,0,720,0.0000004
15600,8,0,800,0.0000004
15600,9,-40,90,0.0477784
15600,9,-40,180,0.0500004
15600,9,-40,270,0.0555564
15600,9,-40,360,0.0508334
15600,9,-40,450,0.0517784
15600,9,-40,540,0.0518524
15600,9,-40,630,0.0549214
15600,9,-40,720,0.0495834
15600,9,-40,810,0.0518524
15600,9,-40,900,0.0516674
15600,9,-30,90,0.0533334
15600,9,-30,180,0.0527784
15600,9,-30,270,0.0529634
15600,9,-30,360,0.0525004
15600,9,-30,450,0.0497784
15600,9,-30,540,0.0522224
15600,9,-30,630,0.0461904
15600,9,-30,720,0.0490284
15600,9,-30,810,0.0495064
15600,9,-30,900,0.0474444
15600,9,-20,90,0.0355564
15600,9,-20,180,0.0333334
15600,9,-20,270,0.0314814
15600,9,-20,360,0.0316674
15600,9,-20,450,0.0342224
15600,9,-20,540,0.0325934
15600,9,-20,630,0.0298414
15600,9,-20,720,0.0269444
15600,9,-20,810,0.0361734
15600,9,-20,900,0.0330004
15600,9,-10,90,0.0000004
15600,9,-10,180,0.0000004
15600,9,-10,270,0.0000004
15600,9,-10,360,0.0000004
15600,9,-10,450,0.0000004
15600,9,-10,540,0.0000004
15600,9,-10,630,0.0000004
15600,9,-10,720,0.0000004
15600,9,-10,810,0.0000004
15600,9,-10,900,0.0000004
15600,9,0,90,0.0000004
15600,9,0,180,0.0000004
15600,9,0,270,0.0000004
15600,9,0,360,0.0000004
15600,9,0,450,0.0000004
15600,9,0,540,0.0000004
15600,9,0,630,0.0000004
15600,9,0,720,0.0000004
15600,9,0,810,0.0000004
15600,9,0,900,0.0000004
15600,10,-40,100,0.0460004
15600,10,-40,200,0.0550004
15600,10,-40,300,0.0486674
15600,10,-40,400,0.0500004
15600,10,-40,500,0.0520004
15600,10,-40,600,0.0506674
15600,10,-40,700,0.0510004
15600,10,-40,800,0.0490004
15600,10,-40,900,0.0520004
15600,10,-40,1000,0.0498004
15600,10,-30,100,0.0470004
15600,10,-30,200,0.0520004
15600,10,-30,300,0.0453334
15600,10,-30,400,0.0465004
15600,10,-30,500,0.0498004
15600,10,-30,600,0.0498334
15600,10,-30,700,0.0508574
15600,10,-30,800,0.0515004
15600,10,-30,900,0.0465564
15600,10,-30,1000,0.0502004
15600,10,-20,100,0.0030004
15600,10,-20,200,0.0150004
15600,10,-20,300,0.0143334
15600,10,-20,400,0.0077504
15600,10,-20,500,0.0124004
15600,10,-20,600,0.0155004
15600,10,-20,700,0.0135714
15600,10,-20,800,0.0045004
15600,10,-20,900,0.0134444
15600,10,-20,1000,0.0067004
15600,10,-10,100,0.0000004
15600,10,-10,200,0.0000004
15600,10,-10,300,0.0000004
15600,10,-10,400,0.0000004
15600,10,-10,500,0.0000004
15600,10,-10,600,0.0000004
15600,10,-10,700,0.0000004
15600,10,-10,800,0.0000004
15600,10,-10,900,0.0000004
15600,10,-10,1000,0.0000004
15600,10,0,100,0.0000004
15600,10,0,200,0.0000004
15600,10,0,300,0.0000004
15600,10,0,400,0.0000004
15600,10,0,500,0.0000004
15600,10,0,600,0.0000004
15600,10,0,700,0.0000004
15600,10,0,800,0.0000004
15600,10,0,900,0.0000004
15600,10,0,1000,0.0000004
15600,11,-40,110,0.0481824
15600,11,-40,220,0.0495454
15600,11,-40,330,0.0442424
15600,11,-40,440,0.0518184
15600,11,-40,550,0.0520004
15600,11,-40,660,0.0480304
15600,11,-40,770,0.0485714
15600,11,-40,880,0.0518184
15600,11,-40,990,0.0467684
15600,11,-40,1100,0.0524554
15600,11,-30,110,0.0490914
15600,11,-30,220,0.0422734
15600,11,-30,330,0.0454554
15600,11,-30,440,0.0543184
15600,11,-30,550,0.0440004
15600,11,-30,660,0.0466674
15600,11,-30,770,0.0435064
15600,11,-30,880,0.0507954
15600,11,-30,990,0.0482834
15600,11,-30,1100,0.0453644
15600,11,-20,110,0.0000004
15600,11,-20,220,0.0000004
15600,11,-20,330,0.0000004
15600,11,-20,440,0.0000004
15600,11,-20,550,0.0000004
15600,11,-20,660,0.0010614
15600,11,-20,770,0.0000004
15600,11,-20,880,0.0000004
15600,11,-20,990,0.0011114
15600,11,-20,1100,0.0006364
15600,11,-10,110,0.0000004
15600,11,-10,220,0.0000004
15600,11,-10,330,0.0000004
15600,11,-10,440,0.0000004
15600,11,-10,550,0.0000004
15600,11,-10,660,0.0000004
15600,11,-10,770,0.0000004
15600,11,-10,880,0.0000004
15600,11,-10,990,0.0000004
15600,11,-10,1100,0.0000004
15600,11,0,110,0.0000004
15600,11,0,220,0.0000004
15600,11,0,330,0.0000004
15600,11,0,440,0.0000004
15600,11,0,550,0.0000004
15600,11,0,660,0.0000004
15600,11,0,770,0.0000004
15600,11,0,880,0.0000004
15600,11,0,990,0.0000004
15600,11,0,1100,0.0000004
15600,12,-40,120,0.0483334
15600,12,-40,240,0.0475004
15600,12,-40,360,0.0508334
15600,12,-40,480,0.0487504
15600,12,-40,600,0.0511674
15600,12,-40,720,0.0504174
15600,12,-40,840,0.0483334
15600,12,-40,960,0.0473964
15600,12,-40,1080,0.0464814
15600,12,-40,1200,0.0495834
15600,12,-30,120,0.0433334
15600,12,-30,240,0.0450004
15600,12,-30,360,0.0469444
15600,12,-30,480,0.0425004
15600,12,-30,600,0.0445004
15600,12,-30,720,0.0458334
15600,12,-30,840,0.0436904
15600,12,-30,960,0.0393754
15600,12,-30,1080,0.0427784
15600,12,-30,1200,0.0426674
15600,12,-20,120,0.0000004
15600,12,-20,240,0.0000004
15600,12,-20,360,0.0000004
15600,12,-20,480,0.0000004
15600,12,-20,600,0.0000004
15600,12,-20,720,0.0000004
15600,12,-20,840,0.0000004
15600,12,-20,960,0.0000004
15600,12,-20,1080,0.0000004
15600,12,-20,1200,0.0000004
15600,12,-10,120,0.0000004
15600,12,-10,240,0.0000004
15600,12,-10,360,0.0000004
15600,12,-10,480,0.0000004
15600,12,-10,600,0.0000004
15600,12,-10,720,0.0000004
15600,12,-10,840,0.0000004
15600,12,-10,960,0.0000004
15600,12,-10,1080,0.0000004
15600,12,-10,1200,0.0000004
15600,12,0,120,0.0000004
15600,12,0,240,0.0000004
15600,12,0,360,0.0000004
15600,12,0,480,0.0000004
15600,12,0,600,0.0000004
15600,12,0,720,0.0000004
15600,12,0,840,0.0000004
15600,12,0,960,0.0000004
15600,12,0,1080,0.0000004
15600,12,0,1200,0.0000004
20800,7,-40,70,0.0485714
20800,7,-40,140,0.0421434
20800,7,-40,210,0.0504764
20800,7,-40,280,0.0514294
20800,7,-40,350,0.0494294
20800,7,-40,420,0.0519054
20800,7,-40,490,0.0514294
20800,7,-40,560,0.0508934
20800,7,-40,630,0.0484134
20800,7,-40,700,0.0487144
20800,7,-30,70,0.0414294
20800,7,-30,140,0.0485714
20800,7,-30,210,0.0480954
20800,7,-30,280,0.0521434
20800,7,-30,350,0.0462864
20800,7,-30,420,0.0521434
20800,7,-30,490,0.0504084
20800,7,-30,560,0.0508934
20800,7,-30,630,0.0485714
20800,7,-30,700,0.0510004
20800,7,-20,70,0.0385714
20800,7,-20,140,0.0528574
20800,7,-20,210,0.0419054
20800,7,-20,280,0.0407144
20800,7,-20,350,0.0460004
20800,7,-20,420,0.0495244
20800,7,-20,490,0.0444904
20800,7,-20,560,0.0417864
20800,7,-20,630,0.0460324
20800,7,-20,700,0.0475714
20800,7,-10,70,0.0000004
20800,7,-10,140,0.0028574
20800,7,-10,210,0.0023814
20800,7,-10,280,0.0000004
20800,7,-10,350,0.0020004
20800,7,-10,420,0.0028574
20800,7,-10,490,0.0014294
20800,7,-10,560,0.0014294
20800,7,-10,630,0.0014294
20800,7,-10,700,0.0024294
20800,7,0,70,0.0000004
20800,7,0,140,0.0000004
20800,7,0,210,0.0000004
20800,7,0,280,0.0000004
20800,7,0,350,0.0000004
20800,7,0,420,0.0000004
20800,7,0,490,0.0000004
20800,7,0,560,0.0000004
20800,7,0,630,0.0000004
20800,7,0,700,0.0000004
20800,8,-40,80,0.0462504
20800,8,-40,160,0.0512504
20800,8,-40,240,0.0500004
20800,8,-40,320,0.0515624
20800,8,-40,400,0.0442504
20800,8,-40,480,0.0468754
20800,8,-40,560,0.0539294
20800,8,-40,640,0.0509384
20800,8,-40,720,0.0498614
20800,8,-40,800,0.0483754
20800,8,-30,80,0.0525004
20800,8,-30,160,0.0531254
20800,8,-30,240,0.0512504
20800,8,-30,320,0.0487504
20800,8,-30,400,0.0482504
20800,8,-30,480,0.0493754
20800,8,-30,560,0.0517864
20800,8,-30,640,0.0496884
20800,8,-30,720,0.0504174
20800,8,-30,800,0.0463754
20800,8,-20,80,0.0387504
20800,8,-20,160,0.0412504
20800,8,-20,240,0.0420834
20800,8,-20,320,0.0453124
20800,8,-20,400,0.0485004
20800,8,-20,480,0.0427084
20800,8,-20,560,0.0450004
20800,8,-20,640,0.0415634
20800,8,-20,720,0.0408334
20800,8,-20,800,0.0458754
20800,8,-10,80,0.0000004
20800,8,-10,160,0.0000004
20800,8,-10,240,0.0000004
20800,8,-10,320,0.0000004
20800,8,-10,400,0.0000004
20800,8,-10,480,0.0000004
20800,8,-10,560,0.0000004
20800,8,-10,640,0.0000004
20800,8,-10,720,0.0000004
20800,8,-10,800,0.0000004
20800,8,0,80,0.0000004
20800,8,0,160,0.0000004
20800,8,0,240,0.0000004
20800,8,0,320,0.0000004
20800,8,0,400,0.0000004
20800,8,0,480,0.0000004
20800,8,0,560,0.0000004
20800,8,0,640,0.0000004
20800,8,0,720,0.0000004
20800,8,0,800,0.0000004
20800,9,-40,90,0.0444444
20800,9,-40,180,0.0488894
20800,9,-40,270,0.0470374
20800,9,-40,360,0.0500004
20800,9,-40,450,0.0493334
20800,9,-40,540,0.0529634
20800,9,-40,630,0.0507944
20800,9,-40,720,0.0523614
20800,9,-40,810,0.0492594
20800,9,-40,900,0.0516674
20800,9,-30,90,0.0511114
20800,9,-30,180,0.0466674
20800,9,-30,270,0.0514814
20800,9,-30,360,0.0547224
20800,9,-30,450,0.0471114
20800,9,-30,540,0.0520374
20800,9,-30,630,0.0450794
20800,9,-30,720,0.0495834
20800,9,-30,810,0.0491364
20800,9,-30,900,0.0483334
20800,9,-20,90,0.0477784
20800,9,-20,180,0.0200004
20800,9,-20,270,0.0362964
20800,9,-20,360,0.0322224
20800,9,-20,450,0.0297784
20800,9,-20,540,0.0264814
20800,9,-20,630,0.0249214
20800,9,-20,720,0.0319444
20800,9,-20,810,0.0319754
20800,9,-20,900,0.0321114
20800,9,-10,90,0.0000004
20800,9,-10,180,0.0000004
20800,9,-10,270,0.0000004
20800,9,-10,360,0.0000004
20800,9,-10,450,0.0000004
20800,9,-10,540,0.0000004
20800,9,-10,630,0.0000004
20800,9,-10,720,0.0000004
20800,9,-10,810,0.0000004
20800,9,-10,900,0.0000004
20800,9,0,90,0.0000004
20800,9,0,180,0.0000004
20800,9,0,270,0.0000004
20800,9,0,360,0.0000004
20800,9,0,450,0.0000004
20800,9,0,540,0.0000004
20800,9,0,630,0.0000004
20800,9,0,720,0.0000004
20800,9,0,810,0.0000004
20800,9,0,900,0.0000004
20800,10,-40,100,0.0540004
20800,10,-40,200,0.0445004
20800,10,-40,300,0.0440004
20800,10,-40,400,0.0515004
20800,10,-40,500,0.0536004
20800,10,-40,600,0.0518334
20800,10,-40,700,0.0484294
20800,10,-40,800,0.0498754
20800,10,-40,900,0.0523334
20800,10,-40,1000,0.0470004
20800,10,-30,100,0.0480004
20800,10,-30,200,0.0525004
20800,10,-30,300,0.0520004
20800,10,-30,400,0.0495004
20800,10,-30,500,0.0502004
20800,10,-30,600,0.0505004
20800,10,-30,700,0.0475714
20800,10,-30,800,0.0487504
20800,10,-30,900,0.0462224
20800,10,-30,1000,0.0469004
20800,10,-20,100,0.0140004
20800,10,-20,200,0.0030004
20800,10,-20,300,0.0136674
20800,10,-20,400,0.0115004
20800,10,-20,500,0.0122004
20800,10,-20,600,0.0070004
20800,10,-20,700,0.0125714
20800,10,-20,800,0.0137504
20800,10,-20,900,0.0082224
20800,10,-20,1000,0.0104004
20800,10,-10,100,0.0000004
20800,10,-10,200,0.0000004
20800,10,-10,300,0.0000004
20800,10,-10,400,0.0000004
20800,10,-10,500,0.0000004
20800,10,-10,600,0.0000004
20800,10,-10,700,0.0000004
20800,10,-10,800,0.0000004
20800,10,-10,900,0.0000004
20800,10,-10,1000,0.0000004
20800,10,0,100,0.0000004
20800,10,0,200,0.0000004
20800,10,0,300,0.0000004
20800,10,0,400,0.0000004
20800,10,0,500,0.0000004
20800,10,0,600,0.0000004
20800,10,0,700,0.0000004
20800,10,0,800,0.0000004
20800,10,0,900,0.0000004
20800,10,0,1000,0.0000004
20800,11,-40,110,0.0536364
20800,11,-40,220,0.0490914
20800,11,-40,330,0.0457584
20800,11,-40,440,0.0465914
20800,11,-40,550,0.0498184
20800,11,-40,660,0.0492424
20800,11,-40,770,0.0511694
20800,11,-40,880,0.0490914
20800,11,-40,990,0.0513134
20800,11,-40,1100,0.0509094
20800,11,-30,110,0.0436364
20800,11,-30,220,0.0495454
20800,11,-30,330,0.0445454
20800,11,-30,440,0.0475004
20800,11,-30,550,0.0467274
20800,11,-30,660,0.0468184
20800,11,-30,770,0.0455844
20800,11,-30,880,0.0447734
20800,11,-30,990,0.0458594
20800,11,-30,1100,0.0472734
20800,11,-20,110,0.0000004
20800,11,-20,220,0.0000004
20800,11,-20,330,0.0018184
20800,11,-20,440,0.0000004
20800,11,-20,550,0.0000004
20800,11,-20,660,0.0000004
20800,11,-20,770,0.0000004
20800,11,-20,880,0.0005684
20800,11,-20,990,0.0013134
20800,11,-20,1100,0.0000004
20800,11,-10,110,0.0000004
20800,11,-10,220,0.0000004
20800,11,-10,330,0.0000004
20800,11,-10,440,0.0000004
20800,11,-10,550,0.0000004
20800,11,-10,660,0.0000004
20800,11,-10,770,0.0000004
20800,11,-10,880,0.0000004
20800,11,-10,990,0.0000004
20800,11,-10,1100,0.0000004
20800,11,0,110,0.0000004
20800,11,0,220,0.0000004
20800,11,0,330,0.0000004
20800,11,0,440,0.0000004
20800,11,0,550,0.0000004
20800,11,0,660,0.0000004
20800,11,0,770,0.0000004
20800,11,0,880,0.0000004
20800,11,0,990,0.0000004
20800,11,0,1100,0.0000004
20800,12,-40,120,0.0566674
20800,12,-40,240,0.0437504
20800,12,-40,360,0.0469444
20800,12,-40,480,0.0525004
20800,12,-40,600,0.0476674
20800,12,-40,720,0.0504174
20800,12,-40,840,0.0478574
20800,12,-40,960,0.0473964
20800,12,-40,1080,0.0483334
20800,12,-40,1200,0.0495004
20800,12,-30,120,0.0400004
20800,12,-30,240,0.0508334
20800,12,-30,360,0.0397224
20800,12,-30,480,0.0452084
20800,12,-30,600,0.0456674
20800,12,-30,720,0.0391674
20800,12,-30,840,0.0391674
20800,12,-30,960,0.0442714
20800,12,-30,1080,0.0437964
20800,12,-30,1200,0.0412504
20800,12,-20,120,0.0000004
20800,12,-20,240,0.0000004
20800,12,-20,360,0.0000004
20800,12,-20,480,0.0000004
20800,12,-20,600,0.0000004
20800,12,-20,720,0.0000004
20800,12,-20,840,0.0000004
20800,12,-20,960,0.0000004
20800,12,-20,1080,0.0000004
20800,12,-20,1200,0.0000004
20800,12,-10,120,0.0000004
20800,12,-10,240,0.0000004
20800,12,-10,360,0.0000004
20800,12,-10,480,0.0000004
20800,12,-10,600,0.0000004
20800,12,-10,720,0.0000004
20800,12,-10,840,0.0000004
20800,12,-10,960,0.0000004
20800,12,-10,1080,0.0000004
20800,12,-10,1200,0.0000004
20800,12,0,120,0.0000004
20800,12,0,240,0.0000004
20800,12,0,360,0.0000004
20800,12,0,480,0.0000004
20800,12,0,600,0.0000004
20800,12,0,720,0.0000004
20800,12,0,840,0.0000004
20800,12,0,960,0.0000004
20800,12,0,1080,0.0000004
20800,12,0,1200,0.0000004
31250,7,-40,70,0.0600004
31250,7,-40,140,0.0450004
31250,7,-40,210,0.0519054
31250,7,-40,280,0.0550004
31250,7,-40,350,0.0560004
31250,7,-40,420,0.0466674
31250,7,-40,490,0.0508164
31250,7,-40,560,0.0523214
31250,7,-40,630,0.0493654
31250,7,-40,700,0.0505714
31250,7,-30,70,0.0400004
31250,7,-30,140,0.0600004
31250,7,-30,210,0.0571434
31250,7,-30,280,0.0510714
31250,7,-30,350,0.0505714
31250,7,-30,420,0.0521434
31250,7,-30,490,0.0475514
31250,7,-30,560,0.0467864
31250,7,-30,630,0.0520634
31250,7,-30,700,0.0497144
31250,7,-20,70,0.0428574
31250,7,-20,140,0.0464294
31250,7,-20,210,0.0514294
31250,7,-20,280,0.0460714
31250,7,-20,350,0.0442864
31250,7,-20,420,0.0480954
31250,7,-20,490,0.0467354
31250,7,-20,560,0.0480364
31250,7,-20,630,0.0442864
31250,7,-20,700,0.0438574
31250,7,-10,70,0.0028574
31250,7,-10,140,0.0042864
31250,7,-10,210,0.0000004
31250,7,-10,280,0.0010714
31250,7,-10,350,0.0037144
31250,7,-10,420,0.0019054
31250,7,-10,490,0.0020414
31250,7,-10,560,0.0019644
31250,7,-10,630,0.0000004
31250,7,-10,700,0.0020004
31250,7,0,70,0.0000004
31250,7,0,140,0.0000004
31250,7,0,210,0.0000004
31250,7,0,280,0.0000004
31250,7,0,350,0.0000004
31250,7,0,420,0.0000004
31250,7,0,490,0.0000004
31250,7,0,560,0.0000004
31250,7,0,630,0.0000004
31250,7,0,700,0.0000004
31250,8,-40,80,0.0550004
31250,8,-40,160,0.0525004
31250,8,-40,240,0.0466674
31250,8,-40,320,0.0490624
31250,8,-40,400,0.0502504
31250,8,-40,480,0.0547924
31250,8,-40,560,0.0510714
31250,8,-40,640,0.0489064
31250,8,-40,720,0.0493064
31250,8,-40,800,0.0532504
31250,8,-30,80,0.0475004
31250,8,-30,160,0.0481254
31250,8,-30,240,0.0495834
31250,8,-30,320,0.0496884
31250,8,-30,400,0.0507504
31250,8,-30,480,0.0510424
31250,8,-30,560,0.0500004
31250,8,-30,640,0.0529694
31250,8,-30,720,0.0479174
31250,8,-30,800,0.0518754
31250,8,-20,80,0.0400004
31250,8,-20,160,0.0393754
31250,8,-20,240,0.0458334
31250,8,-20,320,0.0437504
31250,8,-20,400,0.0417504
31250,8,-20,480,0.0489584
31250,8,-20,560,0.0421434
31250,8,-20,640,0.0450004
31250,8,-20,720,0.0393064
31250,8,-20,800,0.0441254
31250,8,-10,80,0.0000004
31250,8,-10,160,0.0000004
31250,8,-10,240,0.0000004
31250,8,-10,320,0.0000004
31250,8,-10,400,0.0000004
31250,8,-10,480,0.0000004
31250,8,-10,560,0.0000004
31250,8,-10,640,0.0000004
31250,8,-10,720,0.0000004
31250,8,-10,800,0.0000004
31250,8,0,80,0.0000004
31250,8,0,160,0.0000004
31250,8,0,240,0.0000004
31250,8,0,320,0.0000004
31250,8,0,400,0.0000004
31250,8,0,480,0.0000004
31250,8,0,560,0.0000004
31250,8,0,640,0.0000004
31250,8,0,720,0.0000004
31250,8,0,800,0.0000004
31250,9,-40,90,0.0477784
31250,9,-40,180,0.0483334
31250,9,-40,270,0.0522224
31250,9,-40,360,0.0463894
31250,9,-40,450,0.0508894
31250,9,-40,540,0.0500004
31250,9,-40,630,0.0507944
31250,9,-40,720,0.0497224
31250,9,-40,810,0.0511114
31250,9,-40,900,0.0486674
31250,9,-30,90,0.0466674
31250,9,-30,180,0.0461114
31250,9,-30,270,0.0537044
31250,9,-30,360,0.0483334
31250,9,-30,450,0.0477784
31250,9,-30,540,0.0511114
31250,9,-30,630,0.0507944
31250,9,-30,720,0.0475004
31250,9,-30,810,0.0477784
31250,9,-30,900,0.0480004
31250,9,-20,90,0.0266674
31250,9,-20,180,0.0372224
31250,9,-20,270,0.0337044
31250,9,-20,360,0.0247224
31250,9,-20,450,0.0248894
31250,9,-20,540,0.0298154
31250,9,-20,630,0.0249214
31250,9,-20,720,0.0287504
31250,9,-20,810,0.0314814
31250,9,-20,900,0.0322224
31250,9,-10,90,0.0000004
31250,9,-10,180,0.0000004
31250,9,-10,270,0.0000004
31250,9,-10,360,0.0000004
31250,9,-10,450,0.0000004
31250,9,-10,540,0.0000004
31250,9,-10,630,0.0000004
31250,9,-10,720,0.0000004
31250,9,-10,810,0.0000004
31250,9,-10,900,0.0000004
31250,9,0,90,0.0000004
31250,9,0,180,0.0000004
31250,9,0,270,0.0000004
31250,9,0,360,0.0000004
31250,9,0,450,0.0000004
31250,9,0,540,0.0000004
31250,9,0,630,0.0000004
31250,9,0,720,0.0000004
31250,9,0,810,0.0000004
31250,9,0,900,0.0000004
31250,10,-40,100,0.0400004
31250,10,-40,200,0.0525004
31250,10,-40,300,0.0486674
31250,10,-40,400,0.0485004
31250,10,-40,500,0.0496004
31250,10,-40,600,0.0508334
31250,10,-40,700,0.0490004
31250,10,-40,800,0.0512504
31250,10,-40,900,0.0458894
31250,10,-40,1000,0.0487004
31250,10,-30,100,0.0390004
31250,10,-30,200,0.0435004
31250,10,-30,300,0.0510004
31250,10,-30,400,0.0442504
31250,10,-30,500,0.0466004
31250,10,-30,600,0.0485004
31250,10,-30,700,0.0497144
31250,10,-30,800,0.0510004
31250,10,-30,900,0.0500004
31250,10,-30,1000,0.0477004
31250,10,-20,100,0.0100004
31250,10,-20,200,0.0120004
31250,10,-20,300,0.0146674
31250,10,-20,400,0.0065004
31250,10,-20,500,0.0142004
31250,10,-20,600,0.0105004
31250,10,-20,700,0.0118574
31250,10,-20,800,0.0110004
31250,10,-20,900,0.0080004
31250,10,-20,1000,0.0115004
31250,10,-10,100,0.0000004
31250,10,-10,200,0.0000004
31250,10,-10,300,0.0000004
31250,10,-10,400,0.0000004
31250,10,-10,500,0.0000004
31250,10,-10,600,0.0000004
31250,10,-10,700,0.0000004
31250,10,-10,800,0.0000004
31250,10,-10,900,0.0000004
31250,10,-10,1000,0.0000004
31250,10,0,100,0.0000004
31250,10,0,200,0.0000004
31250,10,0,300,0.0000004
31250,10,0,400,0.0000004
31250,10,0,500,0.0000004
31250,10,0,600,0.0000004
31250,10,0,700,0.0000004
31250,10,0,800,0.0000004
31250,10,0,900,0.0000004
31250,10,0,1000,0.0000004
31250,11,-40,110,0.0536364
31250,11,-40,220,0.0550004
31250,11,-40,330,0.0530304
31250,11,-40,440,0.0504554
31250,11,-40,550,0.0492734
31250,11,-40,660,0.0477274
31250,11,-40,770,0.0519484
31250,11,-40,880,0.0506824
31250,11,-40,990,0.0494954
31250,11,-40,1100,0.0490004
31250,11,-30,110,0.0563644
31250,11,-30,220,0.0518184
31250,11,-30,330,0.0506064
31250,11,-30,440,0.0497734
31250,11,-30,550,0.0498184
31250,11,-30,660,0.0495454
31250,11,-30,770,0.0488314
31250,11,-30,880,0.0470454
31250,11,-30,990,0.0487884
31250,11,-30,1100,0.0476364
31250,11,-20,110,0.0000004
31250,11,-20,220,0.0000004
31250,11,-20,330,0.0015154
31250,11,-20,440,0.0000004
31250,11,-20,550,0.0020004
31250,11,-20,660,0.0000004
31250,11,-20,770,0.0000004
31250,11,-20,880,0.0000004
31250,11,-20,990,0.0004044
31250,11,-20,1100,0.0000004
31250,11,-10,110,0.0000004
31250,11,-10,220,0.0000004
31250,11,-10,330,0.0000004
31250,11,-10,440,0.0000004
31250,11,-10,550,0.0000004
31250,11,-10,660,0.0000004
31250,11,-10,770,0.0000004
31250,11,-10,880,0.0000004
31250,11,-10,990,0.0000004
31250,11,-10,1100,0.0000004
31250,11,0,110,0.0000004
31250,11,0,220,0.0000004
31250,11,0,330,0.0000004
31250,11,0,440,0.0000004
31250,11,0,550,0.0000004
31250,11,0,660,0.0000004
31250,11,0,770,0.0000004
31250,11,0,880,0.0000004
31250,11,0,990,0.0000004
31250,11,0,1100,0.0000004
31250,12,-40,120,0.0525004
31250,12,-40,240,0.0491674
31250,12,-40,360,0.0538894
31250,12,-40,480,0.0550004
31250,12,-40,600,0.0491674
31250,12,-40,720,0.0531944
31250,12,-40,840,0.0475004
31250,12,-40,960,0.0500004
31250,12,-40,1080,0.0511114
31250,12,-40,1200,0.0480834
31250,12,-30,120,0.0333334
31250,12,-30,240,0.0454174
31250,12,-30,360,0.0425004
31250,12,-30,480,0.0429174
31250,12,-30,600,0.0455004
31250,12,-30,720,0.0402784
31250,12,-30,840,0.0407144
31250,12,-30,960,0.0445834
31250,12,-30,1080,0.0439814
31250,12,-30,1200,0.0427504
31250,12,-20,120,0.0000004
31250,12,-20,240,0.0000004
31250,12,-20,360,0.0000004
31250,12,-20,480,0.0000004
31250,12,-20,600,0.0000004
31250,12,-20,720,0.0000004
31250,12,-20,840,0.0000004
31250,12,-20,960,0.0000004
31250,12,-20,1080,0.0000004
31250,12,-20,1200,0.0000004
31250,12,-10,120,0.0000004
31250,12,-10,240,0.0000004
31250,12,-10,360,0.0000004
31250,12,-10,480,0.0000004
31250,12,-10,600,0.0000004
31250,12,-10,720,0.0000004
31250,12,-10,840,0.0000004
31250,12,-10,960,0.0000004
31250,12,-10,1080,0.0000004
31250,12,-10,1200,0.0000004
31250,12,0,120,0.0000004
31250,12,0,240,0.0000004
31250,12,0,360,0.0000004
31250,12,0,480,0.0000004
31250,12,0,600,0.0000004
31250,12,0,720,0.0000004
31250,12,0,840,0.0000004
31250,12,0,960,0.0000004
31250,12,0,1080,0.0000004
31250,12,0,1200,0.0000004
41700,7,-40,70,0.0385714
41700,7,-40,140,0.0471434
41700,7,-40,210,0.0480954
41700,7,-40,280,0.0464294
41700,7,-40,350,0.0522864
41700,7,-40,420,0.0509524
41700,7,-40,490,0.0493884
41700,7,-40,560,0.0483934
41700,7,-40,630,0.0474604
41700,7,-40,700,0.0468574
41700,7,-30,70,0.0442864
41700,7,-30,140,0.0478574
41700,7,-30,210,0.0490484
41700,7,-30,280,0.0546434
41700,7,-30,350,0.0508574
41700,7,-30,420,0.0526194
41700,7,-30,490,0.0475514
41700,7,-30,560,0.0494644
41700,7,-30,630,0.0498414
41700,7,-30,700,0.0524294
41700,7,-20,70,0.0514294
41700,7,-20,140,0.0535714
41700,7,-20,210,0.0447624
41700,7,-20,280,0.0471434
41700,7,-20,350,0.0468574
41700,7,-20,420,0.0461904
41700,7,-20,490,0.0440824
41700,7,-20,560,0.0475004
41700,7,-20,630,0.0496834
41700,7,-20,700,0.0425714
41700,7,-10,70,0.0000004
41700,7,-10,140,0.0000004
41700,7,-10,210,0.0000004
41700,7,-10,280,0.0035714
41700,7,-10,350,0.0000004
41700,7,-10,420,0.0023814
41700,7,-10,490,0.0022454
41700,7,-10,560,0.0017864
41700,7,-10,630,0.0015874
41700,7,-10,700,0.0010004
41700,7,0,70,0.0000004
41700,7,0,140,0.0000004
41700,7,0,210,0.0000004
41700,7,0,280,0.0000004
41700,7,0,350,0.0000004
41700,7,0,420,0.0000004
41700,7,0,490,0.0000004
41700,7,0,560,0.0000004
41700,7,0,630,0.0000004
41700,7,0,700,0.0000004
41700,8,-40,80,0.0562504
41700,8,-40,160,0.0525004
41700,8,-40,240,0.0462504
41700,8,-40,320,0.0512504
41700,8,-40,400,0.0557504
41700,8,-40,480,0.0483334
41700,8,-40,560,0.0496434
41700,8,-40,640,0.0507814
41700,8,-40,720,0.0494444
41700,8,-40,800,0.0527504
41700,8,-30,80,0.0475004
41700,8,-30,160,0.0518754
41700,8,-30,240,0.0491674
41700,8,-30,320,0.0531254
41700,8,-30,400,0.0475004
41700,8,-30,480,0.0495834
41700,8,-30,560,0.0508934
41700,8,-30,640,0.0506254
41700,8,-30,720,0.0488894
41700,8,-30,800,0.0487504
41700,8,-20,80,0.0375004
41700,8,-20,160,0.0468754
41700,8,-20,240,0.0454174
41700,8,-20,320,0.0406254
41700,8,-20,400,0.0430004
41700,8,-20,480,0.0379174
41700,8,-20,560,0.0410714
41700,8,-20,640,0.0410944
41700,8,-20,720,0.0416674
41700,8,-20,800,0.0413754
41700,8,-10,80,0.0000004
41700,8,-10,160,0.0000004
41700,8,-10,240,0.0000004
41700,8,-10,320,0.0000004
41700,8,-10,400,0.0000004
41700,8,-10,480,0.0000004
41700,8,-10,560,0.0000004
41700,8,-10,640,0.0000004
41700,8,-10,720,0.0000004
41700,8,-10,800,0.0000004
41700,8,0,80,0.0000004
41700,8,0,160,0.0000004
41700,8,0,240,0.0000004
41700,8,0,320,0.0000004
41700,8,0,400,0.0000004
41700,8,0,480,0.0000004
41700,8,0,560,0.0000004
41700,8,0,640,0.0000004
41700,8,0,720,0.0000004
41700,8,0,800,0.0000004
41700,9,-40,90,0.0511114
41700,9,-40,180,0.0483334
41700,9,-40,270,0.0481484
41700,9,-40,360,0.0494444
41700,9,-40,450,0.0460004
41700,9,-40,540,0.0470374
41700,9,-40,630,0.0495244
41700,9,-40,720,0.0530564
41700,9,-40,810,0.0509884
41700,9,-40,900,0.0495564
41700,9,-30,90,0.0433334
41700,9,-30,180,0.0472224
41700,9,-30,270,0.0522224
41700,9,-30,360,0.0494444
41700,9,-30,450,0.0484444
41700,9,-30,540,0.0474074
41700,9,-30,630,0.0460324
41700,9,-30,720,0.0513894
41700,9,-30,810,0.0482724
41700,9,-30,900,0.0475564
41700,9,-20,90,0.0266674
41700,9,-20,180,0.0277784
41700,9,-20,270,0.0325934
41700,9,-20,360,0.0291674
41700,9,-20,450,0.0322224
41700,9,-20,540,0.0290744
41700,9,-20,630,0.0346034
41700,9,-20,720,0.0254174
41700,9,-20,810,0.0297534
41700,9,-20,900,0.0317784
41700,9,-10,90,0.0000004
41700,9,-10,180,0.0000004
41700,9,-10,270,0.0000004
41700,9,-10,360,0.0000004
41700,9,-10,450,0.0000004
41700,9,-10,540,0.0000004
41700,9,-10,630,0.0000004
41700,9,-10,720,0.0000004
41700,9,-10,810,0.0000004
41700,9,-10,900,0.0000004
41700,9,0,90,0.0000004
41700,9,0,180,0.0000004
41700,9,0,270,0.0000004
41700,9,0,360,0.0000004
41700,9,0,450,0.0000004
41700,9,0,540,0.0000004
41700,9,0,630,0.0000004
41700,9,0,720,0.0000004
41700,9,0,810,0.0000004
41700,9,0,900,0.0000004
41700,10,-40,100,0.0570004
41700,10,-40,200,0.0465004
41700,10,-40,300,0.0543334
41700,10,-40,400,0.0477504
41700,10,-40,500,0.0504004
41700,10,-40,600,0.0493334
41700,10,-40,700,0.0521434
41700,10,-40,800,0.0465004
41700,10,-40,900,0.0512224
41700,10,-40,1000,0.0476004
41700,10,-30,100,0.0450004
41700,10,-30,200,0.0530004
41700,10,-30,300,0.0526674
41700,10,-30,400,0.0447504
41700,10,-30,500,0.0516004
41700,10,-30,600,0.0520004
41700,10,-30,700,0.0480004
41700,10,-30,800,0.0496254
41700,10,-30,900,0.0484444
41700,10,-30,1000,0.0520004
41700,10,-20,100,0.0110004
41700,10,-20,200,0.0090004
41700,10,-20,300,0.0180004
41700,10,-20,400,0.0187504
41700,10,-20,500,0.0092004
41700,10,-20,600,0.0130004
41700,10,-20,700,0.0117144
41700,10,-20,800,0.0131254
41700,10,-20,900,0.0093334
41700,10,-20,1000,0.0097004
41700,10,-10,100,0.0000004
41700,10,-10,200,0.0000004
41700,10,-10,300,0.0000004
41700,10,-10,400,0.0000004
41700,10,-10,500,0.0000004
41700,10,-10,600,0.0000004
41700,10,-10,700,0.0000004
41700,10,-10,800,0.0000004
41700,10,-10,900,0.0000004
41700,10,-10,1000,0.0000004
41700,10,0,100,0.0000004
41700,10,0,200,0.0000004
41700,10,0,300,0.0000004
41700,10,0,400,0.0000004
41700,10,0,500,0.0000004
41700,10,0,600,0.0000004
41700,10,0,700,0.0000004
41700,10,0,800,0.0000004
41700,10,0,900,0.0000004
41700,10,0,1000,0.0000004
41700,11,-40,110,0.0518184
41700,11,-40,220,0.0468184
41700,11,-40,330,0.0515154
41700,11,-40,440,0.0481824
41700,11,-40,550,0.0516364
41700,11,-40,660,0.0531824
41700,11,-40,770,0.0489614
41700,11,-40,880,0.0503414
41700,11,-40,990,0.0494954
41700,11,-40,1100,0.0506364
41700,11,-30,110,0.0609094
41700,11,-30,220,0.0463644
41700,11,-30,330,0.0481824
41700,11,-30,440,0.0500004
41700,11,-30,550,0.0516364
41700,11,-30,660,0.0493944
41700,11,-30,770,0.0472734
41700,11,-30,880,0.0460234
41700,11,-30,990,0.0473744
41700,11,-30,1100,0.0490004
41700,11,-20,110,0.0036364
41700,11,-20,220,0.0000004
41700,11,-20,330,0.0000004
41700,11,-20,440,0.0015914
41700,11,-20,550,0.0000004
41700,11,-20,660,0.0009094
41700,11,-20,770,0.0007794
41700,11,-20,880,0.0000004
41700,11,-20,990,0.0006064
41700,11,-20,1100,0.0000004
41700,11,-10,110,0.0000004
41700,11,-10,220,0.0000004
41700,11,-10,330,0.0000004
41700,11,-10,440,0.0000004
41700,11,-10,550,0.0000004
41700,11,-10,660,0.0000004
41700,11,-10,770,0.0000004
41700,11,-10,880,0.0000004
41700,11,-10,990,0.0000004
41700,11,-10,1100,0.0000004
41700,11,0,110,0.0000004
41700,11,0,220,0.0000004
41700,11,0,330,0.0000004
41700,11,0,440,0.0000004
41700,11,0,550,0.0000004
41700,11,0,660,0.0000004
41700,11,0,770,0.0000004
41700,11,0,880,0.0000004
41700,11,0,990,0.0000004
41700,11,0,1100,0.0000004
41700,12,-40,120,0.0491674
41700,12,-40,240,0.0512504
41700,12,-40,360,0.0483334
41700,12,-40,480,0.0481254
41700,12,-40,600,0.0500004
41700,12,-40,720,0.0466674
41700,12,-40,840,0.0511904
41700,12,-40,960,0.0500004
41700,12,-40,1080,0.0499074
41700,12,-40,1200,0.0492504
41700,12,-30,120,0.0341674
41700,12,-30,240,0.0408334
41700,12,-30,360,0.0436114
41700,12,-30,480,0.0406254
41700,12,-30,600,0.0443334
41700,12,-30,720,0.0458334
41700,12,-30,840,0.0442864
41700,12,-30,960,0.0433334
41700,12,-30,1080,0.0390744
41700,12,-30,1200,0.0467504
41700,12,-20,120,0.0000004
41700,12,-20,240,0.0000004
41700,12,-20,360,0.0000004
41700,12,-20,480,0.0000004
41700,12,-20,600,0.0000004
41700,12,-20,720,0.0000004
41700,12,-20,840,0.0000004
41700,12,-20,960,0.0000004
41700,12,-20,1080,0.0000004
41700,12,-20,1200,0.0000004
41700,12,-10,120,0.0000004
41700,12,-10,240,0.0000004
41700,12,-10,360,0.0000004
41700,12,-10,480,0.0000004
41700,12,-10,600,0.0000004
41700,12,-10,720,0.0000004
41700,12,-10,840,0.0000004
41700,12,-10,960,0.0000004
41700,12,-10,1080,0.0000004
41700,12,-10,1200,0.0000004
41700,12,0,120,0.0000004
41700,12,0,240,0.0000004
41700,12,0,360,0.0000004
41700,12,0,480,0.0000004
41700,12,0,600,0.0000004
41700,12,0,720,0.0000004
41700,12,0,840,0.0000004
41700,12,0,960,0.0000004
41700,12,0,1080,0.0000004
41700,12,0,1200,0.0000004
62500,7,-40,70,0.0485714
62500,7,-40,140,0.0535714
62500,7,-40,210,0.0519054
62500,7,-40,280,0.0496434
62500,7,-40,350,0.0540004
62500,7,-40,420,0.0514294
62500,7,-40,490,0.0510204
62500,7,-40,560,0.0517864
62500,7,-40,630,0.0501594
62500,7,-40,700,0.0551434
62500,7,-30,70,0.0571434
62500,7,-30,140,0.0557144
62500,7,-30,210,0.0523814
62500,7,-30,280,0.0514294
62500,7,-30,350,0.0460004
62500,7,-30,420,0.0533334
62500,7,-30,490,0.0506124
62500,7,-30,560,0.0494644
62500,7,-30,630,0.0473024
62500,7,-30,700,0.0488574
62500,7,-20,70,0.0485714
62500,7,-20,140,0.0521434
62500,7,-20,210,0.0404764
62500,7,-20,280,0.0460714
62500,7,-20,350,0.0468574
62500,7,-20,420,0.0485714
62500,7,-20,490,0.0483674
62500,7,-20,560,0.0425004
62500,7,-20,630,0.0487304
62500,7,-20,700,0.0447144
62500,7,-10,70,0.0042864
62500,7,-10,140,0.0000004
62500,7,-10,210,0.0023814
62500,7,-10,280,0.0021434
62500,7,-10,350,0.0008574
62500,7,-10,420,0.0000004
62500,7,-10,490,0.0016334
62500,7,-10,560,0.0021434
62500,7,-10,630,0.0014294
62500,7,-10,700,0.0024294
62500,7,0,70,0.0000004
62500,7,0,140,0.0000004
62500,7,0,210,0.0000004
62500,7,0,280,0.0000004
62500,7,0,350,0.0000004
62500,7,0,420,0.0000004
62500,7,0,490,0.0000004
62500,7,0,560,0.0000004
62500,7,0,630,0.0000004
62500,7,0,700,0.0000004
62500,8,-40,80,0.0425004
62500,8,-40,160,0.0550004
62500,8,-40,240,0.0500004
62500,8,-40,320,0.0500004
62500,8,-40,400,0.0462504
62500,8,-40,480,0.0520834
62500,8,-40,560,0.0510714
62500,8,-40,640,0.0435944
62500,8,-40,720,0.0522224
62500,8,-40,800,0.0497504
62500,8,-30,80,0.0512504
62500,8,-30,160,0.0587504
62500,8,-30,240,0.0437504
62500,8,-30,320,0.0484384
62500,8,-30,400,0.0480004
62500,8,-30,480,0.0504174
62500,8,-30,560,0.0528574
62500,8,-30,640,0.0493754
62500,8,-30,720,0.0487504
62500,8,-30,800,0.0475004
62500,8,-20,80,0.0325004
62500,8,-20,160,0.0375004
62500,8,-20,240,0.0383334
62500,8,-20,320,0.0478134
62500,8,-20,400,0.0385004
62500,8,-20,480,0.0375004
62500,8,-20,560,0.0451794
62500,8,-20,640,0.0429694
62500,8,-20,720,0.0401394
62500,8,-20,800,0.0411254
62500,8,-10,80,0.0000004
62500,8,-10,160,0.0000004
62500,8,-10,240,0.0000004
62500,8,-10,320,0.0000004
62500,8,-10,400,0.0000004
62500,8,-10,480,0.0000004
62500,8,-10,560,0.0000004
62500,8,-10,640,0.0000004
62500,8,-10,720,0.0000004
62500,8,-10,800,0.0000004
62500,8,0,80,0.0000004
62500,8,0,160,0.0000004
62500,8,0,240,0.0000004
62500,8,0,320,0.0000004
62500,8,0,400,0.0000004
62500,8,0,480,0.0000004
62500,8,0,560,0.0000004
62500,8,0,640,0.0000004
62500,8,0,720,0.0000004
62500,8,0,800,0.0000004
62500,9,-40,90,0.0455564
62500,9,-40,180,0.0516674
62500,9,-40,270,0.0485194
62500,9,-40,360,0.0508334
62500,9,-40,450,0.0520004
62500,9,-40,540,0.0474074
62500,9,-40,630,0.0534924
62500,9,-40,720,0.0487504
62500,9,-40,810,0.0508644
62500,9,-40,900,0.0490004
62500,9,-30,90,0.0522224
62500,9,-30,180,0.0500004
62500,9,-30,270,0.0525934
62500,9,-30,360,0.0450004
62500,9,-30,450,0.0453334
62500,9,-30,540,0.0496304
62500,9,-30,630,0.0474604
62500,9,-30,720,0.0458334
62500,9,-30,810,0.0476544
62500,9,-30,900,0.0505564
62500,9,-20,90,0.0366674
62500,9,-20,180,0.0250004
62500,9,-20,270,0.0314814
62500,9,-20,360,0.0338894
62500,9,-20,450,0.0342224
62500,9,-20,540,0.0351854
62500,9,-20,630,0.0290484
62500,9,-20,720,0.0344444
62500,9,-20,810,0.0340744
62500,9,-20,900,0.0332224
62500,9,-10,90,0.0000004
62500,9,-10,180,0.0000004
62500,9,-10,270,0.0000004
62500,9,-10,360,0.0000004
62500,9,-10,450,0.0000004
62500,9,-10,540,0.0000004
62500,9,-10,630,0.0000004
62500,9,-10,720,0.0000004
62500,9,-10,810,0.0000004
62500,9,-10,900,0.0000004
62500,9,0,90,0.0000004
62500,9,0,180,0.0000004
62500,9,0,270,0.0000004
62500,9,0,360,0.0000004
62500,9,0,450,0.0000004
62500,9,0,540,0.0000004
62500,9,0,630,0.0000004
62500,9,0,720,0.0000004
62500,9,0,810,0.0000004
62500,9,0,900,0.0000004
62500,10,-40,100,0.0520004
62500,10,-40,200,0.0460004
62500,10,-40,300,0.0516674
62500,10,-40,400,0.0500004
62500,10,-40,500,0.0494004
62500,10,-40,600,0.0490004
62500,10,-40,700,0.0478574
62500,10,-40,800,0.0500004
62500,10,-40,900,0.0513334
62500,10,-40,1000,0.0484004
62500,10,-30,100,0.0500004
62500,10,-30,200,0.0535004
62500,10,-30,300,0.0516674
62500,10,-30,400,0.0475004
62500,10,-30,500,0.0494004
62500,10,-30,600,0.0530004
62500,10,-30,700,0.0471434
62500,10,-30,800,0.0477504
62500,10,-30,900,0.0480004
62500,10,-30,1000,0.0497004
62500,10,-20,100,0.0130004
62500,10,-20,200,0.0085004
62500,10,-20,300,0.0116674
62500,10,-20,400,0.0122504
62500,10,-20,500,0.0132004
62500,10,-20,600,0.0173334
62500,10,-20,700,0.0132864
62500,10,-20,800,0.0107504
62500,10,-20,900,0.0117784
62500,10,-20,1000,0.0074004
62500,10,-10,100,0.0000004
62500,10,-10,200,0.0000004
62500,10,-10,300,0.0000004
62500,10,-10,400,0.0000004
62500,10,-10,500,0.0000004
62500,10,-10,600,0.0000004
62500,10,-10,700,0.0000004
62500,10,-10,800,0.0000004
62500,10,-10,900,0.0000004
62500,10,-10,1000,0.0000004
62500,10,0,100,0.0000004
62500,10,0,200,0.0000004
62500,10,0,300,0.0000004
62500,10,0,400,0.0000004
62500,10,0,500,0.0000004
62500,10,0,600,0.0000004
62500,10,0,700,0.0000004
62500,10,0,800,0.0000004
62500,10,0,900,0.0000004
62500,10,0,1000,0.0000004
62500,11,-40,110,0.0509094
62500,11,-40,220,0.0536364
62500,11,-40,330,0.0484854
62500,11,-40,440,0.0502274
62500,11,-40,550,0.0501824
62500,11,-40,660,0.0472734
62500,11,-40,770,0.0493514
62500,11,-40,880,0.0509094
62500,11,-40,990,0.0479804
62500,11,-40,1100,0.0490004
62500,11,-30,110,0.0418184
62500,11,-30,220,0.0440914
62500,11,-30,330,0.0454554
62500,11,-30,440,0.0463644
62500,11,-30,550,0.0541824
62500,11,-30,660,0.0448484
62500,11,-30,770,0.0480524
62500,11,-30,880,0.0501144
62500,11,-30,990,0.0473744
62500,11,-30,1100,0.0498184
62500,11,-20,110,0.0000004
62500,11,-20,220,0.0000004
62500,11,-20,330,0.0000004
62500,11,-20,440,0.0000004
62500,11,-20,550,0.0000004
62500,11,-20,660,0.0000004
62500,11,-20,770,0.0000004
62500,11,-20,880,0.0004554
62500,11,-20,990,0.0005054
62500,11,-20,1100,0.0005454
62500,11,-10,110,0.0000004
62500,11,-10,220,0.0000004
62500,11,-10,330,0.0000004
62500,11,-10,440,0.0000004
62500,11,-10,550,0.0000004
62500,11,-10,660,0.0000004
62500,11,-10,770,0.0000004
62500,11,-10,880,0.0000004
62500,11,-10,990,0.0000004
62500,11,-10,1100,0.0000004
62500,11,0,110,0.0000004
62500,11,0,220,0.0000004
62500,11,0,330,0.0000004
62500,11,0,440,0.0000004
62500,11,0,550,0.0000004
62500,11,0,660,0.0000004
62500,11,0,770,0.0000004
62500,11,0,880,0.0000004
62500,11,0,990,0.0000004
62500,11,0,1100,0.0000004
62500,12,-40,120,0.0516674
62500,12,-40,240,0.0516674
62500,12,-40,360,0.0513894
62500,12,-40,480,0.0504174
62500,12,-40,600,0.0518334
62500,12,-40,720,0.0481944
62500,12,-40,840,0.0495244
62500,12,-40,960,0.0492714
62500,12,-40,1080,0.0512964
62500,12,-40,1200,0.0519174
62500,12,-30,120,0.0308334
62500,12,-30,240,0.0520834
62500,12,-30,360,0.0469444
62500,12,-30,480,0.0437504
62500,12,-30,600,0.0491674
62500,12,-30,720,0.0443064
62500,12,-30,840,0.0432144
62500,12,-30,960,0.0486464
62500,12,-30,1080,0.0464814
62500,12,-30,1200,0.0424174
62500,12,-20,120,0.0000004
62500,12,-20,240,0.0000004
62500,12,-20,360,0.0000004
62500,12,-20,480,0.0000004
62500,12,-20,600,0.0000004
62500,12,-20,720,0.0000004
62500,12,-20,840,0.0000004
62500,12,-20,960,0.0000004
62500,12,-20,1080,0.0000004
62500,12,-20,1200,0.0000004
62500,12,-10,120,0.0000004
62500,12,-10,240,0.0000004
62500,12,-10,360,0.0000004
62500,12,-10,480,0.0000004
62500,12,-10,600,0.0000004
62500,12,-10,720,0.0000004
62500,12,-10,840,0.0000004
62500,12,-10,960,0.0000004
62500,12,-10,1080,0.0000004
62500,12,-10,1200,0.0000004
62500,12,0,120,0.0000004
62500,12,0,240,0.0000004
62500,12,0,360,0.0000004
62500,12,0,480,0.0000004
62500,12,0,600,0.0000004
62500,12,0,720,0.0000004
62500,12,0,840,0.0000004
62500,12,0,960,0.0000004
62500,12,0,1080,0.0000004
62500,12,0,1200,0.0000004
125000,7,-40,70,0.0485714
125000,7,-40,140,0.0507144
125000,7,-40,210,0.0457144
125000,7,-40,280,0.0521434
125000,7,-40,350,0.0488574
125000,7,-40,420,0.0497624
125000,7,-40,490,0.0502044
125000,7,-40,560,0.0533934
125000,7,-40,630,0.0465084
125000,7,-40,700,0.0478574
125000,7,-30,70,0.0428574
125000,7,-30,140,0.0435714
125000,7,-30,210,0.0504764
125000,7,-30,280,0.0446434
125000,7,-30,350,0.0525714
125000,7,-30,420,0.0440484
125000,7,-30,490,0.0506124
125000,7,-30,560,0.0508934
125000,7,-30,630,0.0517464
125000,7,-30,700,0.0492864
125000,7,-20,70,0.0528574
125000,7,-20,140,0.0442864
125000,7,-20,210,0.0500004
125000,7,-20,280,0.0517864
125000,7,-20,350,0.0402864
125000,7,-20,420,0.0464294
125000,7,-20,490,0.0477554
125000,7,-20,560,0.0478574
125000,7,-20,630,0.0457144
125000,7,-20,700,0.0482864
125000,7,-10,70,0.0000004
125000,7,-10,140,0.0007144
125000,7,-10,210,0.0023814
125000,7,-10,280,0.0046434
125000,7,-10,350,0.0040004
125000,7,-10,420,0.0040484
125000,7,-10,490,0.0006124
125000,7,-10,560,0.0026794
125000,7,-10,630,0.0031754
125000,7,-10,700,0.0011434
125000,7,0,70,0.0000004
125000,7,0,140,0.0000004
125000,7,0,210,0.0000004
125000,7,0,280,0.0000004
125000,7,0,350,0.0000004
125000,7,0,420,0.0000004
125000,7,0,490,0.0000004
125000,7,0,560,0.0000004
125000,7,0,630,0.0000004
125000,7,0,700,0.0000004
125000,8,-40,80,0.0512504
125000,8,-40,160,0.0481254
125000,8,-40,240,0.0545834
125000,8,-40,320,0.0528124
125000,8,-40,400,0.0507504
125000,8,-40,480,0.0489584
125000,8,-40,560,0.0503574
125000,8,-40,640,0.0493754
125000,8,-40,720,0.0476394
125000,8,-40,800,0.0576254
125000,8,-30,80,0.0425004
125000,8,-30,160,0.0506254
125000,8,-30,240,0.0445834
125000,8,-30,320,0.0478134
125000,8,-30,400,0.0475004
125000,8,-30,480,0.0522924
125000,8,-30,560,0.0533934
125000,8,-30,640,0.0476564
125000,8,-30,720,0.0497224
125000,8,-30,800,0.0522504
125000,8,-20,80,0.0512504
125000,8,-20,160,0.0387504
125000,8,-20,240,0.0387504
125000,8,-20,320,0.0428124
125000,8,-20,400,0.0412504
125000,8,-20,480,0.0418754
125000,8,-20,560,0.0394644
125000,8,-20,640,0.0345314
125000,8,-20,720,0.0366674
125000,8,-20,800,0.0436254
125000,8,-10,80,0.0000004
125000,8,-10,160,0.0000004
125000,8,-10,240,0.0000004
125000,8,-10,320,0.0000004
125000,8,-10,400,0.0000004
125000,8,-10,480,0.0000004
125000,8,-10,560,0.0000004
125000,8,-10,640,0.0000004
125000,8,-10,720,0.0000004
125000,8,-10,800,0.0000004
125000,8,0,80,0.0000004
125000,8,0,160,0.0000004
125000,8,0,240,0.0000004
125000,8,0,320,0.0000004
125000,8,0,400,0.0000004
125000,8,0,480,0.0000004
125000,8,0,560,0.0000004
125000,8,0,640,0.0000004
125000,8,0,720,0.0000004
125000,8,0,800,0.0000004
125000,9,-40,90,0.0466674
125000,9,-40,180,0.0500004
125000,9,-40,270,0.0474074
125000,9,-40,360,0.0488894
125000,9,-40,450,0.0497784
125000,9,-40,540,0.0475934
125000,9,-40,630,0.0493654
125000,9,-40,720,0.0526394
125000,9,-40,810,0.0502474
125000,9,-40,900,0.0520004
125000,9,-30,90,0.0455564
125000,9,-30,180,0.0555564
125000,9,-30,270,0.0533334
125000,9,-30,360,0.0497224
125000,9,-30,450,0.0491114
125000,9,-30,540,0.0516674
125000,9,-30,630,0.0463494
125000,9,-30,720,0.0494444
125000,9,-30,810,0.0488894
125000,9,-30,900,0.0497784
125000,9,-20,90,0.0222224
125000,9,-20,180,0.0333334
125000,9,-20,270,0.0340744
125000,9,-20,360,0.0280564
125000,9,-20,450,0.0311114
125000,9,-20,540,0.0264814
125000,9,-20,630,0.0371434
125000,9,-20,720,0.0301394
125000,9,-20,810,0.0325934
125000,9,-20,900,0.0285564
125000,9,-10,90,0.0000004
125000,9,-10,180,0.0000004
125000,9,-10,270,0.0000004
125000,9,-10,360,0.0000004
125000,9,-10,450,0.0000004
125000,9,-10,540,0.0000004
125000,9,-10,630,0.0000004
125000,9,-10,720,0.0000004
125000,9,-10,810,0.0000004
125000,9,-10,900,0.0000004
125000,9,0,90,0.0000004
125000,9,0,180,0.0000004
125000,9,0,270,0.0000004
125000,9,0,360,0.0000004
125000,9,0,450,0.0000004
125000,9,0,540,0.0000004
125000,9,0,630,0.0000004
125000,9,0,720,0.0000004
125000,9,0,810,0.0000004
125000,9,0,900,0.0000004
125000,10,-40,100,0.0570004
125000,10,-40,200,0.0555004
125000,10,-40,300,0.0446674
125000,10,-40,400,0.0465004
125000,10,-40,500,0.0520004
125000,10,-40,600,0.0473334
125000,10,-40,700,0.0474294
125000,10,-40,800,0.0476254
125000,10,-40,900,0.0477784
125000,10,-40,1000,0.0484004
125000,10,-30,100,0.0490004
125000,10,-30,200,0.0555004
125000,10,-30,300,0.0480004
125000,10,-30,400,0.0480004
125000,10,-30,500,0.0512004
125000,10,-30,600,0.0510004
125000,10,-30,700,0.0468574
125000,10,-30,800,0.0491254
125000,10,-30,900,0.0507784
125000,10,-30,1000,0.0496004
125000,10,-20,100,0.0040004
125000,10,-20,200,0.0055004
125000,10,-20,300,0.0116674
125000,10,-20,400,0.0135004
125000,10,-20,500,0.0086004
125000,10,-20,600,0.0063334
125000,10,-20,700,0.0135714
125000,10,-20,800,0.0080004
125000,10,-20,900,0.0108894
125000,10,-20,1000,0.0137004
125000,10,-10,100,0.0000004
125000,10,-10,200,0.0000004
125000,10,-10,300,0.0000004
125000,10,-10,400,0.0000004
125000,10,-10,500,0.0000004
125000,10,-10,600,0.0000004
125000,10,-10,700,0.0000004
125000,10,-10,800,0.0000004
125000,10,-10,900,0.0000004
125000,10,-10,1000,0.0000004
125000,10,0,100,0.0000004
125000,10,0,200,0.0000004
125000,10,0,300,0.0000004
125000,10,0,400,0.0000004
125000,10,0,500,0.0000004
125000,10,0,600,0.0000004
125000,10,0,700,0.0000004
125000,10,0,800,0.0000004
125000,10,0,900,0.0000004
125000,10,0,1000,0.0000004
125000,11,-40,110,0.0400004
125000,11,-40,220,0.0504554
125000,11,-40,330,0.0503034
125000,11,-40,440,0.0475004
125000,11,-40,550,0.0514554
125000,11,-40,660,0.0496974
125000,11,-40,770,0.0511694
125000,11,-40,880,0.0512504
125000,11,-40,990,0.0473744
125000,11,-40,1100,0.0529094
125000,11,-30,110,0.0518184
125000,11,-30,220,0.0459094
125000,11,-30,330,0.0451524
125000,11,-30,440,0.0463644
125000,11,-30,550,0.0443644
125000,11,-30,660,0.0487884
125000,11,-30,770,0.0483124
125000,11,-30,880,0.0504554
125000,11,-30,990,0.0461624
125000,11,-30,1100,0.0481824
125000,11,-20,110,0.0000004
125000,11,-20,220,0.0000004
125000,11,-20,330,0.0000004
125000,11,-20,440,0.0015914
125000,11,-20,550,0.0000004
125000,11,-20,660,0.0000004
125000,11,-20,770,0.0000004
125000,11,-20,880,0.0000004
125000,11,-20,990,0.0019194
125000,11,-20,1100,0.0009094
125000,11,-10,110,0.0000004
125000,11,-10,220,0.0000004
125000,11,-10,330,0.0000004
125000,11,-10,440,0.0000004
125000,11,-10,550,0.0000004
125000,11,-10,660,0.0000004
125000,11,-10,770,0.0000004
125000,11,-10,880,0.0000004
125000,11,-10,990,0.0000004
125000,11,-10,1100,0.0000004
125000,11,0,110,0.0000004
125000,11,0,220,0.0000004
125000,11,0,330,0.0000004
125000,11,0,440,0.0000004
125000,11,0,550,0.0000004
125000,11,0,660,0.0000004
125000,11,0,770,0.0000004
125000,11,0,880,0.0000004
125000,11,0,990,0.0000004
125000,11,0,1100,0.0000004
125000,12,-40,120,0.0508334
125000,12,-40,240,0.0458334
125000,12,-40,360,0.0516674
125000,12,-40,480,0.0493754
125000,12,-40,600,0.0476674
125000,12,-40,720,0.0488894
125000,12,-40,840,0.0492864
125000,12,-40,960,0.0489584
125000,12,-40,1080,0.0512044
125000,12,-40,1200,0.0496674
125000,12,-30,120,0.0433334
125000,12,-30,240,0.0450004
125000,12,-30,360,0.0413894
125000,12,-30,480,0.0456254
125000,12,-30,600,0.0401674
125000,12,-30,720,0.0475004
125000,12,-30,840,0.0464294
125000,12,-30,960,0.0442714
125000,12,-30,1080,0.0446304
125000,12,-30,1200,0.0449174
125000,12,-20,120,0.0000004
125000,12,-20,240,0.0000004
125000,12,-20,360,0.0000004
125000,12,-20,480,0.0000004
125000,12,-20,600,0.0000004
125000,12,-20,720,0.0000004
125000,12,-20,840,0.0000004
125000,12,-20,960,0.0000004
125000,12,-20,1080,0.0000004
125000,12,-20,1200,0.0000004
125000,12,-10,120,0.0000004
125000,12,-10,240,0.0000004
125000,12,-10,360,0.0000004
125000,12,-10,480,0.0000004
125000,12,-10,600,0.0000004
125000,12,-10,720,0.0000004
125000,12,-10,840,0.0000004
125000,12,-10,960,0.0000004
125000,12,-10,1080,0.0000004
125000,12,-10,1200,0.0000004
125000,12,0,120,0.0000004
125000,12,0,240,0.0000004
125000,12,0,360,0.0000004
125000,12,0,480,0.0000004
125000,12,0,600,0.0000004
125000,12,0,720,0.0000004
125000,12,0,840,0.0000004
125000,12,0,960,0.0000004
125000,12,0,1080,0.0000004
125000,12,0,1200,0.0000004
250000,7,-40,70,0.0471434
250000,7,-40,140,0.0464294
250000,7,-40,210,0.0500004
250000,7,-40,280,0.0585714
250000,7,-40,350,0.0537144
250000,7,-40,420,0.0516674
250000,7,-40,490,0.0524494
250000,7,-40,560,0.0478574
250000,7,-40,630,0.0474604
250000,7,-40,700,0.0502864
250000,7,-30,70,0.0485714
250000,7,-30,140,0.0464294
250000,7,-30,210,0.0514294
250000,7,-30,280,0.0475004
250000,7,-30,350,0.0517144
250000,7,-30,420,0.0497624
250000,7,-30,490,0.0481634
250000,7,-30,560,0.0498214
250000,7,-30,630,0.0493654
250000,7,-30,700,0.0491434
250000,7,-20,70,0.0471434
250000,7,-20,140,0.0421434
250000,7,-20,210,0.0471434
250000,7,-20,280,0.0542864
250000,7,-20,350,0.0462864
250000,7,-20,420,0.0450004
250000,7,-20,490,0.0481634
250000,7,-20,560,0.0432144
250000,7,-20,630,0.0507944
250000,7,-20,700,0.0464294
250000,7,-10,70,0.0000004
250000,7,-10,140,0.0028574
250000,7,-10,210,0.0014294
250000,7,-10,280,0.0014294
250000,7,-10,350,0.0011434
250000,7,-10,420,0.0061904
250000,7,-10,490,0.0010204
250000,7,-10,560,0.0030364
250000,7,-10,630,0.0007944
250000,7,-10,700,0.0025714
250000,7,0,70,0.0000004
250000,7,0,140,0.0000004
250000,7,0,210,0.0000004
250000,7,0,280,0.0000004
250000,7,0,350,0.0000004
250000,7,0,420,0.0000004
250000,7,0,490,0.0000004
250000,7,0,560,0.0000004
250000,7,0,630,0.0000004
250000,7,0,700,0.0000004
250000,8,-40,80,0.0375004
250000,8,-40,160,0.0506254
250000,8,-40,240,0.0479174
250000,8,-40,320,0.0518754
250000,8,-40,400,0.0482504
250000,8,-40,480,0.0516674
250000,8,-40,560,0.0514294
250000,8,-40,640,0.0521874
250000,8,-40,720,0.0513894
250000,8,-40,800,0.0488754
250000,8,-30,80,0.0375004
250000,8,-30,160,0.0487504
250000,8,-30,240,0.0500004
250000,8,-30,320,0.0468754
250000,8,-30,400,0.0477504
250000,8,-30,480,0.0506254
250000,8,-30,560,0.0512504
250000,8,-30,640,0.0498444
250000,8,-30,720,0.0525004
250000,8,-30,800,0.0515004
250000,8,-20,80,0.0362504
250000,8,-20,160,0.0462504
250000,8,-20,240,0.0429174
250000,8,-20,320,0.0393754
250000,8,-20,400,0.0457504
250000,8,-20,480,0.0418754
250000,8,-20,560,0.0414294
250000,8,-20,640,0.0425004
250000,8,-20,720,0.0429174
250000,8,-20,800,0.0396254
250000,8,-10,80,0.0000004
250000,8,-10,160,0.0000004
250000,8,-10,240,0.0000004
250000,8,-10,320,0.0012504
250000,8,-10,400,0.0000004
250000,8,-10,480,0.0000004
250000,8,-10,560,0.0000004
250000,8,-10,640,0.0000004
250000,8,-10,720,0.0000004
250000,8,-10,800,0.0000004
250000,8,0,80,0.0000004
250000,8,0,160,0.0000004
250000,8,0,240,0.0000004
250000,8,0,320,0.0000004
250000,8,0,400,0.0000004
250000,8,0,480,0.0000004
250000,8,0,560,0.0000004
250000,8,0,640,0.0000004
250000,8,0,720,0.0000004
250000,8,0,800,0.0000004
250000,9,-40,90,0.0511114
250000,9,-40,180,0.0522224
250000,9,-40,270,0.0466674
250000,9,-40,360,0.0519444
250000,9,-40,450,0.0497784
250000,9,-40,540,0.0461114
250000,9,-40,630,0.0503174
250000,9,-40,720,0.0513894
250000,9,-40,810,0.0482724
250000,9,-40,900,0.0488894
250000,9,-30,90,0.0433334
250000,9,-30,180,0.0561114
250000,9,-30,270,0.0507414
250000,9,-30,360,0.0483334
250000,9,-30,450,0.0460004
250000,9,-30,540,0.0498154
250000,9,-30,630,0.0503174
250000,9,-30,720,0.0483334
250000,9,-30,810,0.0500004
250000,9,-30,900,0.0486674
250000,9,-20,90,0.0433334
250000,9,-20,180,0.0311114
250000,9,-20,270,0.0340744
250000,9,-20,360,0.0319444
250000,9,-20,450,0.0355564
250000,9,-20,540,0.0300004
250000,9,-20,630,0.0344444
250000,9,-20,720,0.0231944
250000,9,-20,810,0.0291364
250000,9,-20,900,0.0315564
250000,9,-10,90,0.0000004
250000,9,-10,180,0.0000004
250000,9,-10,270,0.0000004
250000,9,-10,360,0.0000004
250000,9,-10,450,0.0000004
250000,9,-10,540,0.0000004
250000,9,-10,630,0.0000004
250000,9,-10,720,0.0000004
250000,9,-10,810,0.0000004
250000,9,-10,900,0.0000004
250000,9,0,90,0.0000004
250000,9,0,180,0.0000004
250000,9,0,270,0.0000004
250000,9,0,360,0.0000004
250000,9,0,450,0.0000004
250000,9,0,540,0.0000004
250000,9,0,630,0.0000004
250000,9,0,720,0.0000004
250000,9,0,810,0.0000004
250000,9,0,900,0.0000004
250000,10,-40,100,0.0450004
250000,10,-40,200,0.0585004
250000,10,-40,300,0.0500004
250000,10,-40,400,0.0495004
250000,10,-40,500,0.0450004
250000,10,-40,600,0.0485004
250000,10,-40,700,0.0475714
250000,10,-40,800,0.0496254
250000,10,-40,900,0.0523334
250000,10,-40,1000,0.0461004
250000,10,-30,100,0.0530004
250000,10,-30,200,0.0535004
250000,10,-30,300,0.0546674
250000,10,-30,400,0.0462504
250000,10,-30,500,0.0486004
250000,10,-30,600,0.0468334
250000,10,-30,700,0.0470004
250000,10,-30,800,0.0468754
250000,10,-30,900,0.0483334
250000,10,-30,1000,0.0471004
250000,10,-20,100,0.0100004
250000,10,-20,200,0.0120004
250000,10,-20,300,0.0053334
250000,10,-20,400,0.0080004
250000,10,-20,500,0.0088004
250000,10,-20,600,0.0130004
250000,10,-20,700,0.0138574
250000,10,-20,800,0.0131254
250000,10,-20,900,0.0132224
250000,10,-20,1000,0.0141004
250000,10,-10,100,0.0000004
250000,10,-10,200,0.0000004
250000,10,-10,300,0.0000004
250000,10,-10,400,0.0000004
250000,10,-10,500,0.0000004
250000,10,-10,600,0.0000004
250000,10,-10,700,0.0000004
250000,10,-10,800,0.0000004
250000,10,-10,900,0.0000004
250000,10,-10,1000,0.0000004
250000,10,0,100,0.0000004
250000,10,0,200,0.0000004
250000,10,0,300,0.0000004
250000,10,0,400,0.0000004
250000,10,0,500,0.0000004
250000,10,0,600,0.0000004
250000,10,0,700,0.0000004
250000,10,0,800,0.0000004
250000,10,0,900,0.0000004
250000,10,0,1000,0.0000004
250000,11,-40,110,0.0490914
250000,11,-40,220,0.0518184
250000,11,-40,330,0.0448484
250000,11,-40,440,0.0493184
250000,11,-40,550,0.0481824
250000,11,-40,660,0.0516674
250000,11,-40,770,0.0503904
250000,11,-40,880,0.0517054
250000,11,-40,990,0.0497984
250000,11,-40,1100,0.0499094
250000,11,-30,110,0.0536364
250000,11,-30,220,0.0418184
250000,11,-30,330,0.0469704
250000,11,-30,440,0.0488644
250000,11,-30,550,0.0485454
250000,11,-30,660,0.0487884
250000,11,-30,770,0.0427274
250000,11,-30,880,0.0485234
250000,11,-30,990,0.0479804
250000,11,-30,1100,0.0489094
250000,11,-20,110,0.0036364
250000,11,-20,220,0.0000004
250000,11,-20,330,0.0000004
250000,11,-20,440,0.0000004
250000,11,-20,550,0.0010914
250000,11,-20,660,0.0000004
250000,11,-20,770,0.0007794
250000,11,-20,880,0.0000004
250000,11,-20,990,0.0005054
250000,11,-20,1100,0.0015454
250000,11,-10,110,0.0000004
250000,11,-10,220,0.0000004
250000,11,-10,330,0.0000004
250000,11,-10,440,0.0000004
250000,11,-10,550,0.0000004
250000,11,-10,660,0.0000004
250000,11,-10,770,0.0000004
250000,11,-10,880,0.0000004
250000,11,-10,990,0.0000004
250000,11,-10,1100,0.0000004
250000,11,0,110,0.0000004
250000,11,0,220,0.0000004
250000,11,0,330,0.0000004
250000,11,0,440,0.0000004
250000,11,0,550,0.0000004
250000,11,0,660,0.0000004
250000,11,0,770,0.0000004
250000,11,0,880,0.0000004
250000,11,0,990,0.0000004
250000,11,0,1100,0.0000004
250000,12,-40,120,0.0508334
250000,12,-40,240,0.0520834
250000,12,-40,360,0.0505564
250000,12,-40,480,0.0483334
250000,12,-40,600,0.0523334
250000,12,-40,720,0.0490284
250000,12,-40,840,0.0501194
250000,12,-40,960,0.0518754
250000,12,-40,1080,0.0512044
250000,12,-40,1200,0.0507504
250000,12,-30,120,0.0408334
250000,12,-30,240,0.0404174
250000,12,-30,360,0.0522224
250000,12,-30,480,0.0406254
250000,12,-30,600,0.0395004
250000,12,-30,720,0.0437504
250000,12,-30,840,0.0461904
250000,12,-30,960,0.0390624
250000,12,-30,1080,0.0402784
250000,12,-30,1200,0.0455834
250000,12,-20,120,0.0000004
250000,12,-20,240,0.0000004
250000,12,-20,360,0.0000004
250000,12,-20,480,0.0000004
250000,12,-20,600,0.0000004
250000,12,-20,720,0.0000004
250000,12,-20,840,0.0000004
250000,12,-20,960,0.0000004
250000,12,-20,1080,0.0000004
250000,12,-20,1200,0.0000004
250000,12,-10,120,0.0000004
250000,12,-10,240,0.0000004
250000,12,-10,360,0.0000004
250000,12,-10,480,0.0000004
250000,12,-10,600,0.0000004
250000,12,-10,720,0.0000004
250000,12,-10,840,0.0000004
250000,12,-10,960,0.0000004
250000,12,-10,1080,0.0000004
250000,12,-10,1200,0.0000004
250000,12,0,120,0.0000004
250000,12,0,240,0.0000004
250000,12,0,360,0.0000004
250000,12,0,480,0.0000004
250000,12,0,600,0.0000004
250000,12,0,720,0.0000004
250000,12,0,840,0.0000004
250000,12,0,960,0.0000004
250000,12,0,1080,0.0000004
250000,12,0,1200,0.0000004
500000,7,-40,70,0.0528574
500000,7,-40,140,0.0528574
500000,7,-40,210,0.0514294
500000,7,-40,280,0.0517864
500000,7,-40,350,0.0494294
500000,7,-40,420,0.0542864
500000,7,-40,490,0.0489804
500000,7,-40,560,0.0458934
500000,7,-40,630,0.0522224
500000,7,-40,700,0.0491434
500000,7,-30,70,0.0600004
500000,7,-30,140,0.0528574
500000,7,-30,210,0.0480954
500000,7,-30,280,0.0485714
500000,7,-30,350,0.0497144
500000,7,-30,420,0.0490484
500000,7,-30,490,0.0457144
500000,7,-30,560,0.0485714
500000,7,-30,630,0.0511114
500000,7,-30,700,0.0505714
500000,7,-20,70,0.0542864
500000,7,-20,140,0.0357144
500000,7,-20,210,0.0495244
500000,7,-20,280,0.0435714
500000,7,-20,350,0.0502864
500000,7,-20,420,0.0478574
500000,7,-20,490,0.0493884
500000,7,-20,560,0.0453574
500000,7,-20,630,0.0474604
500000,7,-20,700,0.0440004
500000,7,-10,70,0.0042864
500000,7,-10,140,0.0000004
500000,7,-10,210,0.0000004
500000,7,-10,280,0.0053574
500000,7,-10,350,0.0011434
500000,7,-10,420,0.0007144
500000,7,-10,490,0.0004084
500000,7,-10,560,0.0007144
500000,7,-10,630,0.0055564
500000,7,-10,700,0.0031434
500000,7,0,70,0.0000004
500000,7,0,140,0.0000004
500000,7,0,210,0.0000004
500000,7,0,280,0.0000004
500000,7,0,350,0.0000004
500000,7,0,420,0.0000004
500000,7,0,490,0.0000004
500000,7,0,560,0.0000004
500000,7,0,630,0.0000004
500000,7,0,700,0.0000004
500000,8,-40,80,0.0462504
500000,8,-40,160,0.0512504
500000,8,-40,240,0.0504174
500000,8,-40,320,0.0484384
500000,8,-40,400,0.0517504
500000,8,-40,480,0.0491674
500000,8,-40,560,0.0525004
500000,8,-40,640,0.0495314
500000,8,-40,720,0.0494444
500000,8,-40,800,0.0525004
500000,8,-30,80,0.0525004
500000,8,-30,160,0.0475004
500000,8,-30,240,0.0466674
500000,8,-30,320,0.0475004
500000,8,-30,400,0.0462504
500000,8,-30,480,0.0500004
500000,8,-30,560,0.0501794
500000,8,-30,640,0.0482814
500000,8,-30,720,0.0463894
500000,8,-30,800,0.0510004
500000,8,-20,80,0.0350004
500000,8,-20,160,0.0512504
500000,8,-20,240,0.0437504
500000,8,-20,320,0.0384374
500000,8,-20,400,0.0377504
500000,8,-20,480,0.0404174
500000,8,-20,560,0.0416074
500000,8,-20,640,0.0368754
500000,8,-20,720,0.0434724
500000,8,-20,800,0.0420004
500000,8,-10,80,0.0000004
500000,8,-10,160,0.0000004
500000,8,-10,240,0.0000004
500000,8,-10,320,0.0000004
500000,8,-10,400,0.0000004
500000,8,-10,480,0.0000004
500000,8,-10,560,0.0000004
500000,8,-10,640,0.0000004
500000,8,-10,720,0.0000004
500000,8,-10,800,0.0000004
500000,8,0,80,0.0000004
500000,8,0,160,0.0000004
500000,8,0,240,0.0000004
500000,8,0,320,0.0000004
500000,8,0,400,0.0000004
500000,8,0,480,0.0000004
500000,8,0,560,0.0000004
500000,8,0,640,0.0000004
500000,8,0,720,0.0000004
500000,8,0,800,0.0000004
500000,9,-40,90,0.0411114
500000,9,-40,180,0.0511114
500000,9,-40,270,0.0537044
500000,9,-40,360,0.0491674
500000,9,-40,450,0.0517784
500000,9,-40,540,0.0537044
500000,9,-40,630,0.0498414
500000,9,-40,720,0.0520834
500000,9,-40,810,0.0512354
500000,9,-40,900,0.0493334
500000,9,-30,90,0.0488894
500000,9,-30,180,0.0544444
500000,9,-30,270,0.0481484
500000,9,-30,360,0.0500004
500000,9,-30,450,0.0491114
500000,9,-30,540,0.0498154
500000,9,-30,630,0.0501594
500000,9,-30,720,0.0479174
500000,9,-30,810,0.0512354
500000,9,-30,900,0.0504444
500000,9,-20,90,0.0366674
500000,9,-20,180,0.0283334
500000,9,-20,270,0.0322224
500000,9,-20,360,0.0233334
500000,9,-20,450,0.0331114
500000,9,-20,540,0.0320374
500000,9,-20,630,0.0271434
500000,9,-20,720,0.0351394
500000,9,-20,810,0.0298774
500000,9,-20,900,0.0310004
500000,9,-10,90,0.0000004
500000,9,-10,180,0.0000004
500000,9,-10,270,0.0000004
500000,9,-10,360,0.0000004
500000,9,-10,450,0.0000004
500000,9,-10,540,0.0000004
500000,9,-10,630,0.0000004
500000,9,-10,720,0.0000004
500000,9,-10,810,0.0000004
500000,9,-10,900,0.0000004
500000,9,0,90,0.0000004
500000,9,0,180,0.0000004
500000,9,0,270,0.0000004
500000,9,0,360,0.0000004
500000,9,0,450,0.0000004
500000,9,0,540,0.0000004
500000,9,0,630,0.0000004
500000,9,0,720,0.0000004
500000,9,0,810,0.0000004
500000,9,0,900,0.0000004
500000,10,-40,100,0.0550004
500000,10,-40,200,0.0515004
500000,10,-40,300,0.0453334
500000,10,-40,400,0.0487504
500000,10,-40,500,0.0474004
500000,10,-40,600,0.0493334
500000,10,-40,700,0.0524294
500000,10,-40,800,0.0480004
500000,10,-40,900,0.0505564
500000,10,-40,1000,0.0488004
500000,10,-30,100,0.0430004
500000,10,-30,200,0.0525004
500000,10,-30,300,0.0556674
500000,10,-30,400,0.0462504
500000,10,-30,500,0.0524004
500000,10,-30,600,0.0506674
500000,10,-30,700,0.0520004
500000,10,-30,800,0.0492504
500000,10,-30,900,0.0486674
500000,10,-30,1000,0.0511004
500000,10,-20,100,0.0110004
500000,10,-20,200,0.0110004
500000,10,-20,300,0.0096674
500000,10,-20,400,0.0080004
500000,10,-20,500,0.0082004
500000,10,-20,600,0.0113334
500000,10,-20,700,0.0110004
500000,10,-20,800,0.0083754
500000,10,-20,900,0.0120004
500000,10,-20,1000,0.0108004
500000,10,-10,100,0.0000004
500000,10,-10,200,0.0000004
500000,10,-10,300,0.0000004
500000,10,-10,400,0.0000004
500000,10,-10,500,0.0000004
500000,10,-10,600,0.0000004
500000,10,-10,700,0.0000004
500000,10,-10,800,0.0000004
500000,10,-10,900,0.0000004
500000,10,-10,1000,0.0000004
500000,10,0,100,0.0000004
500000,10,0,200,0.0000004
500000,10,0,300,0.0000004
500000,10,0,400,0.0000004
500000,10,0,500,0.0000004
500000,10,0,600,0.0000004
500000,10,0,700,0.0000004
500000,10,0,800,0.0000004
500000,10,0,900,0.0000004
500000,10,0,1000,0.0000004
500000,11,-40,110,0.0500004
500000,11,-40,220,0.0559094
500000,11,-40,330,0.0472734
500000,11,-40,440,0.0531824
500000,11,-40,550,0.0507274
500000,11,-40,660,0.0503034
500000,11,-40,770,0.0472734
500000,11,-40,880,0.0522734
500000,11,-40,990,0.0500004
500000,11,-40,1100,0.0510004
500000,11,-30,110,0.0500004
500000,11,-30,220,0.0522734
500000,11,-30,330,0.0503034
500000,11,-30,440,0.0454554
500000,11,-30,550,0.0440004
500000,11,-30,660,0.0472734
500000,11,-30,770,0.0481824
500000,11,-30,880,0.0476144
500000,11,-30,990,0.0432324
500000,11,-30,1100,0.0499094
500000,11,-20,110,0.0063644
500000,11,-20,220,0.0000004
500000,11,-20,330,0.0000004
500000,11,-20,440,0.0013644
500000,11,-20,550,0.0012734
500000,11,-20,660,0.0007584
500000,11,-20,770,0.0000004
500000,11,-20,880,0.0011364
500000,11,-20,990,0.0009094
500000,11,-20,1100,0.0010004
500000,11,-10,110,0.0000004
500000,11,-10,220,0.0000004
500000,11,-10,330,0.0000004
500000,11,-10,440,0.0000004
500000,11,-10,550,0.0000004
500000,11,-10,660,0.0000004
500000,11,-10,770,0.0000004
500000,11,-10,880,0.0000004
500000,11,-10,990,0.0000004
500000,11,-10,1100,0.0000004
500000,11,0,110,0.0000004
500000,11,0,220,0.0000004
500000,11,0,330,0.0000004
500000,11,0,440,0.0000004
500000,11,0,550,0.0000004
500000,11,0,660,0.0000004
500000,11,0,770,0.0000004
500000,11,0,880,0.0000004
500000,11,0,990,0.0000004
500000,11,0,1100,0.0000004
500000,12,-40,120,0.0533334
500000,12,-40,240,0.0491674
500000,12,-40,360,0.0527784
500000,12,-40,480,0.0502084
500000,12,-40,600,0.0513334
500000,12,-40,720,0.0501394
500000,12,-40,840,0.0496434
500000,12,-40,960,0.0471884
500000,12,-40,1080,0.0498154
500000,12,-40,1200,0.0495004
500000,12,-30,120,0.0500004
500000,12,-30,240,0.0483334
500000,12,-30,360,0.0383334
500000,12,-30,480,0.0506254
500000,12,-30,600,0.0431674
500000,12,-30,720,0.0434724
500000,12,-30,840,0.0416674
500000,12,-30,960,0.0443754
500000,12,-30,1080,0.0439814
500000,12,-30,1200,0.0425834
500000,12,-20,120,0.0000004
500000,12,-20,240,0.0000004
500000,12,-20,360,0.0000004
500000,12,-20,480,0.0000004
500000,12,-20,600,0.0000004
500000,12,-20,720,0.0000004
500000,12,-20,840,0.0000004
500000,12,-20,960,0.0000004
500000,12,-20,1080,0.0000004
500000,12,-20,1200,0.0000004
500000,12,-10,120,0.0000004
500000,12,-10,240,0.0000004
500000,12,-10,360,0.0000004
500000,12,-10,480,0.0000004
500000,12,-10,600,0.0000004
500000,12,-10,720,0.0000004
500000,12,-10,840,0.0000004
500000,12,-10,960,0.0000004
500000,12,-10,1080,0.0000004
500000,12,-10,1200,0.0000004
500000,12,0,120,0.0000004
500000,12,0,240,0.0000004
500000,12,0,360,0.0000004
500000,12,0,480,0.0000004
500000,12,0,600,0.0000004
500000,12,0,720,0.0000004
500000,12,0,840,0.0000004
500000,12,0,960,0.0000004
500000,12,0,1080,0.0000004
500000,12,0,1200,0.0000004
